orth_residual,orth_type,temporal_type,INJECTION_DIRECTORY,DUAL_CASE,seed,microservice_name,num_users,model_name,SEQ_LEN,avg_recall,service_MRR_mean,service_Hit@5_mean,train_time,train_time_per_epoch,total_epochs_used,avg_total_infer_time_over_all_tests,num_params,num_trainable_params,model_size_mb,peak_memory_mb,energy_joules
,,,23June_WithDisk_RAMP_1000_users,False,1,online-boutique,1000,FreTS,32,"{'Avg@5-CPU (Metric):      ': 0.02, 'Avg@5-CPU (Service):     ': 0.33, 'Avg@5-DISK (Metric):     ': 0.55, 'Avg@5-DISK (Service):    ': 0.65, 'Avg@5-MEM (Metric):      ': 0.36, 'Avg@5-MEM (Service):     ': 0.55, 'Avg@5-OVERALL (Service)': 0.51, 'Avg@5-OVERALL (Metric)': 0.31}",0.5133958633958634,0.6363636363636364,190.49704813957214,5.9530327543616295,31,1.4038334976543079,1123232,1123232,4.2847900390625,1245.7890625,28618.386508669857
,,,23June_WithDisk_RAMP_1000_users,False,1,online-boutique,1000,LFTSAD,32,"{'Avg@5-CPU (Metric):      ': 0.49, 'Avg@5-CPU (Service):     ': 0.62, 'Avg@5-DISK (Metric):     ': 0.75, 'Avg@5-DISK (Service):    ': 0.8, 'Avg@5-MEM (Metric):      ': 0.38, 'Avg@5-MEM (Service):     ': 0.76, 'Avg@5-OVERALL (Service)': 0.73, 'Avg@5-OVERALL (Metric)': 0.54}",0.667725960907779,0.8484848484848485,32.85385823249817,1.8252143462498982,17,1.4755949540571733,5130,5130,0.01956939697265625,697.9736328125,2806.5666903569695
,,,23June_WithDisk_RAMP_1000_users,False,1,online-boutique,1000,fits,32,"{'Avg@5-CPU (Metric):      ': 0.47, 'Avg@5-CPU (Service):     ': 0.67, 'Avg@5-DISK (Metric):     ': 0.71, 'Avg@5-DISK (Service):    ': 0.85, 'Avg@5-MEM (Metric):      ': 0.55, 'Avg@5-MEM (Service):     ': 0.82, 'Avg@5-OVERALL (Service)': 0.78, 'Avg@5-OVERALL (Metric)': 0.58}",0.7143939393939394,0.9393939393939394,19.05741000175476,0.6806217857769558,27,0.6463548125642719,30,30,0.0002288818359375,293.7890625,1050.5665838634968
,,,23June_WithDisk_RAMP_1000_users,False,1,online-boutique,1000,SFlexRCA,32,"{'Avg@5-CPU (Metric):      ': 0.49, 'Avg@5-CPU (Service):     ': 0.67, 'Avg@5-DISK (Metric):     ': 0.73, 'Avg@5-DISK (Service):    ': 0.87, 'Avg@5-MEM (Metric):      ': 0.58, 'Avg@5-MEM (Service):     ': 0.84, 'Avg@5-OVERALL (Service)': 0.79, 'Avg@5-OVERALL (Metric)': 0.6}",0.7285353535353535,0.9393939393939394,11.760141372680664,0.4355607915807653,26,0.6114824612935384,430,430,0.00164031982421875,286.0029296875,660.6098873305322
,,,23June_WithDisk_RAMP_1000_users,False,1,online-boutique,1000,timemixerpp,32,"{'Avg@5-CPU (Metric):      ': 0.56, 'Avg@5-CPU (Service):     ': 0.69, 'Avg@5-DISK (Metric):     ': 0.71, 'Avg@5-DISK (Service):    ': 0.84, 'Avg@5-MEM (Metric):      ': 0.69, 'Avg@5-MEM (Service):     ': 0.89, 'Avg@5-OVERALL (Service)': 0.81, 'Avg@5-OVERALL (Metric)': 0.65}",0.7373737373737373,0.9393939393939394,116.70117545127869,3.154085823007532,36,1.0757560513236306,322389,322389,1.2298164367675781,366.39013671875,6670.842474174499
,,,23June_WithDisk_RAMP_1000_users,False,1,online-boutique,1000,random,32,"{'Avg@5-CPU (Metric):      ': 0.09, 'Avg@5-CPU (Service):     ': 0.31, 'Avg@5-DISK (Metric):     ': 0.05, 'Avg@5-DISK (Service):    ': 0.29, 'Avg@5-MEM (Metric):      ': 0.0, 'Avg@5-MEM (Service):     ': 0.31, 'Avg@5-OVERALL (Service)': 0.3, 'Avg@5-OVERALL (Metric)': 0.05}",0.27396584896584897,0.5151515151515151,8.7738037109375e-05,8.7738037109375e-05,0,0.22440433502197266,0,0,0.0,8.2333984375,23.01788439655304
,,,23June_WithDisk_RAMP_1000_users,False,1,sock-shop,1000,FreTS,32,"{'Avg@5-CPU (Metric):      ': 0.54, 'Avg@5-CPU (Service):     ': 0.36, 'Avg@5-DISK (Metric):     ': 1.0, 'Avg@5-DISK (Service):    ': 0.64, 'Avg@5-MEM (Metric):      ': 0.56, 'Avg@5-MEM (Service):     ': 0.36, 'Avg@5-OVERALL (Service)': 0.45, 'Avg@5-OVERALL (Metric)': 0.7}",0.4102513227513227,0.5476190476190477,325.1428921222687,7.5614626074946205,42,2.2533546345574513,1123232,1123232,4.2847900390625,1569.205078125,48579.37004351306
,,,23June_WithDisk_RAMP_1000_users,False,1,sock-shop,1000,LFTSAD,32,"{'Avg@5-CPU (Metric):      ': 0.77, 'Avg@5-CPU (Service):     ': 0.56, 'Avg@5-DISK (Metric):     ': 1.0, 'Avg@5-DISK (Service):    ': 0.64, 'Avg@5-MEM (Metric):      ': 0.73, 'Avg@5-MEM (Service):     ': 0.59, 'Avg@5-OVERALL (Service)': 0.6, 'Avg@5-OVERALL (Metric)': 0.83}",0.5603174603174603,0.6428571428571429,41.495272159576416,2.183961692609285,18,1.1701904989424206,5130,5130,0.01956939697265625,879.5693359375,4743.2333078241345
,,,23June_WithDisk_RAMP_1000_users,False,1,sock-shop,1000,fits,32,"{'Avg@5-CPU (Metric):      ': 0.83, 'Avg@5-CPU (Service):     ': 0.59, 'Avg@5-DISK (Metric):     ': 1.0, 'Avg@5-DISK (Service):    ': 0.64, 'Avg@5-MEM (Metric):      ': 0.89, 'Avg@5-MEM (Service):     ': 0.63, 'Avg@5-OVERALL (Service)': 0.62, 'Avg@5-OVERALL (Metric)': 0.9}",0.6011904761904762,0.6428571428571429,18.874475717544556,0.7864364882310232,23,0.8828523442858741,30,30,0.0002288818359375,370.7099609375,1057.1087201347352
,,,23June_WithDisk_RAMP_1000_users,False,1,sock-shop,1000,SFlexRCA,32,"{'Avg@5-CPU (Metric):      ': 0.83, 'Avg@5-CPU (Service):     ': 0.59, 'Avg@5-DISK (Metric):     ': 1.0, 'Avg@5-DISK (Service):    ': 0.64, 'Avg@5-MEM (Metric):      ': 0.87, 'Avg@5-MEM (Service):     ': 0.63, 'Avg@5-OVERALL (Service)': 0.62, 'Avg@5-OVERALL (Metric)': 0.9}",0.6011904761904762,0.6428571428571429,8.341168403625488,0.46339824464586044,17,1.0074525958015805,538,538,0.00205230712890625,362.580078125,520.0870959348679
,,,23June_WithDisk_RAMP_1000_users,False,1,sock-shop,1000,timemixerpp,32,"{'Avg@5-CPU (Metric):      ': 0.79, 'Avg@5-CPU (Service):     ': 0.57, 'Avg@5-DISK (Metric):     ': 1.0, 'Avg@5-DISK (Service):    ': 0.64, 'Avg@5-MEM (Metric):      ': 0.94, 'Avg@5-MEM (Service):     ': 0.61, 'Avg@5-OVERALL (Service)': 0.61, 'Avg@5-OVERALL (Metric)': 0.91}",0.5853174603174602,0.6428571428571429,151.80209136009216,3.229831731065791,46,1.4039408706483387,336402,336402,1.2832717895507812,442.7890625,8560.537185890913
,,,23June_WithDisk_RAMP_1000_users,False,1,sock-shop,1000,random,32,"{'Avg@5-CPU (Metric):      ': 0.04, 'Avg@5-CPU (Service):     ': 0.21, 'Avg@5-DISK (Metric):     ': 0.04, 'Avg@5-DISK (Service):    ': 0.2, 'Avg@5-MEM (Metric):      ': 0.07, 'Avg@5-MEM (Service):     ': 0.31, 'Avg@5-OVERALL (Service)': 0.24, 'Avg@5-OVERALL (Metric)': 0.05}",0.22685185185185186,0.40476190476190477,8.988380432128906e-05,8.988380432128906e-05,0,0.35644783292497906,0,0,0.0,10.5048828125,34.83729368829727
,,,23June_WithDisk_RAMP_1000_users,False,1,robot-shop,1000,FreTS,32,"{'Avg@5-CPU (Metric):      ': 0.45, 'Avg@5-CPU (Service):     ': 0.58, 'Avg@5-DISK (Metric):     ': 0.84, 'Avg@5-DISK (Service):    ': 0.91, 'Avg@5-MEM (Metric):      ': 0.47, 'Avg@5-MEM (Service):     ': 0.75, 'Avg@5-OVERALL (Service)': 0.75, 'Avg@5-OVERALL (Metric)': 0.59}",0.6405723905723906,0.8787878787878788,127.22170972824097,5.782804987647316,21,1.4931038943204014,1123232,1123232,4.2847900390625,1245.7890625,17237.353754990578
,,,23June_WithDisk_RAMP_1000_users,False,1,robot-shop,1000,LFTSAD,32,"{'Avg@5-CPU (Metric):      ': 0.49, 'Avg@5-CPU (Service):     ': 0.6, 'Avg@5-DISK (Metric):     ': 0.85, 'Avg@5-DISK (Service):    ': 0.95, 'Avg@5-MEM (Metric):      ': 0.38, 'Avg@5-MEM (Service):     ': 0.69, 'Avg@5-OVERALL (Service)': 0.75, 'Avg@5-OVERALL (Metric)': 0.58}",0.6399481831300013,0.8787878787878788,29.66446876525879,1.9776312510172527,14,0.9000727624604197,5130,5130,0.01956939697265625,697.9736328125,3147.966710535049
,,,23June_WithDisk_RAMP_1000_users,False,1,robot-shop,1000,fits,32,"{'Avg@5-CPU (Metric):      ': 0.56, 'Avg@5-CPU (Service):     ': 0.62, 'Avg@5-DISK (Metric):     ': 0.84, 'Avg@5-DISK (Service):    ': 0.93, 'Avg@5-MEM (Metric):      ': 0.47, 'Avg@5-MEM (Service):     ': 0.78, 'Avg@5-OVERALL (Service)': 0.78, 'Avg@5-OVERALL (Metric)': 0.62}",0.6682900432900433,0.8787878787878788,12.103798866271973,0.5262521246205205,22,0.5311463095925071,30,30,0.0002288818359375,293.7890625,683.6587503852844
,,,23June_WithDisk_RAMP_1000_users,False,1,robot-shop,1000,SFlexRCA,32,"{'Avg@5-CPU (Metric):      ': 0.56, 'Avg@5-CPU (Service):     ': 0.62, 'Avg@5-DISK (Metric):     ': 0.84, 'Avg@5-DISK (Service):    ': 0.93, 'Avg@5-MEM (Metric):      ': 0.51, 'Avg@5-MEM (Service):     ': 0.8, 'Avg@5-OVERALL (Service)': 0.78, 'Avg@5-OVERALL (Metric)': 0.64}",0.6727994227994228,0.8787878787878788,8.540748119354248,0.4495130589133815,18,0.6124130090077718,430,430,0.00164031982421875,286.0029296875,500.17053055357934
,,,23June_WithDisk_RAMP_1000_users,False,1,robot-shop,1000,timemixerpp,32,"{'Avg@5-CPU (Metric):      ': 0.64, 'Avg@5-CPU (Service):     ': 0.64, 'Avg@5-DISK (Metric):     ': 0.87, 'Avg@5-DISK (Service):    ': 0.95, 'Avg@5-MEM (Metric):      ': 0.67, 'Avg@5-MEM (Service):     ': 0.78, 'Avg@5-OVERALL (Service)': 0.79, 'Avg@5-OVERALL (Metric)': 0.73}",0.6895141895141895,0.8787878787878788,60.50089716911316,3.184257745742798,18,1.1384618860302549,322389,322389,1.2298164367675781,366.39013671875,3523.321868033409
,,,23June_WithDisk_RAMP_1000_users,False,1,robot-shop,1000,random,32,"{'Avg@5-CPU (Metric):      ': 0.22, 'Avg@5-CPU (Service):     ': 0.36, 'Avg@5-DISK (Metric):     ': 0.02, 'Avg@5-DISK (Service):    ': 0.18, 'Avg@5-MEM (Metric):      ': 0.0, 'Avg@5-MEM (Service):     ': 0.09, 'Avg@5-OVERALL (Service)': 0.21, 'Avg@5-OVERALL (Metric)': 0.08}",0.2519491451309633,0.36363636363636365,8.821487426757812e-05,8.821487426757812e-05,0,0.37941028855063696,0,0,0.0,8.2333984375,38.284472733497616
,,,23June_WithDisk_RAMP_concurrent_1000_users,True,1,online-boutique,1000,FreTS,32,"{'Avg@5-CPU (Metric):      ': 0.2, 'Avg@5-CPU (Service):     ': 0.65, 'Avg@5-DISK (Metric):     ': 0.23, 'Avg@5-DISK (Service):    ': 0.59, 'Avg@5-MEM (Metric):      ': 0.4, 'Avg@5-MEM (Service):     ': 0.72, 'Avg@5-DUAL_MACRO (Service)': 0.65, 'Avg@5-DUAL_MACRO (Metric)': 0.28, 'Avg@5-OVERALL (Dual Joint)': 1.0}",0.571774193548387,0.9032258064516129,188.2881736755371,5.884005427360535,31,1.3313067036290323,1123232,1123232,4.2847900390625,1245.7890625,28144.08250971079
,,,23June_WithDisk_RAMP_concurrent_1000_users,True,1,online-boutique,1000,LFTSAD,32,"{'Avg@5-CPU (Metric):      ': 0.42, 'Avg@5-CPU (Service):     ': 0.69, 'Avg@5-DISK (Metric):     ': 0.33, 'Avg@5-DISK (Service):    ': 0.68, 'Avg@5-MEM (Metric):      ': 0.3, 'Avg@5-MEM (Service):     ': 0.74, 'Avg@5-DUAL_MACRO (Service)': 0.7, 'Avg@5-DUAL_MACRO (Metric)': 0.35, 'Avg@5-OVERALL (Dual Joint)': 1.0}",0.6861250756412046,0.8387096774193549,35.58022451400757,1.976679139667087,17,0.8675651242656093,5130,5130,0.01956939697265625,697.9736328125,3870.9053930625914
,,,23June_WithDisk_RAMP_concurrent_1000_users,True,1,online-boutique,1000,fits,32,"{'Avg@5-CPU (Metric):      ': 0.54, 'Avg@5-CPU (Service):     ': 0.84, 'Avg@5-DISK (Metric):     ': 0.35, 'Avg@5-DISK (Service):    ': 0.85, 'Avg@5-MEM (Metric):      ': 0.58, 'Avg@5-MEM (Service):     ': 0.89, 'Avg@5-DUAL_MACRO (Service)': 0.86, 'Avg@5-DUAL_MACRO (Metric)': 0.49, 'Avg@5-OVERALL (Dual Joint)': 1.0}",0.7960061443932412,0.967741935483871,14.969534158706665,0.5346262199538094,27,0.5785287349454818,30,30,0.0002288818359375,293.7890625,853.1410260920525
,,,23June_WithDisk_RAMP_concurrent_1000_users,True,1,online-boutique,1000,SFlexRCA,32,"{'Avg@5-CPU (Metric):      ': 0.54, 'Avg@5-CPU (Service):     ': 0.84, 'Avg@5-DISK (Metric):     ': 0.35, 'Avg@5-DISK (Service):    ': 0.85, 'Avg@5-MEM (Metric):      ': 0.57, 'Avg@5-MEM (Service):     ': 0.89, 'Avg@5-DUAL_MACRO (Service)': 0.86, 'Avg@5-DUAL_MACRO (Metric)': 0.49, 'Avg@5-OVERALL (Dual Joint)': 1.0}",0.7960061443932412,0.967741935483871,12.744614601135254,0.4720227630050094,26,0.5104611073770831,430,430,0.00164031982421875,286.0029296875,718.6911928844452
,,,23June_WithDisk_RAMP_concurrent_1000_users,True,1,online-boutique,1000,timemixerpp,32,"{'Avg@5-CPU (Metric):      ': 0.61, 'Avg@5-CPU (Service):     ': 0.85, 'Avg@5-DISK (Metric):     ': 0.35, 'Avg@5-DISK (Service):    ': 0.87, 'Avg@5-MEM (Metric):      ': 0.61, 'Avg@5-MEM (Service):     ': 0.87, 'Avg@5-DUAL_MACRO (Service)': 0.86, 'Avg@5-DUAL_MACRO (Metric)': 0.52, 'Avg@5-OVERALL (Dual Joint)': 1.0}",0.8008448540706605,0.9354838709677419,120.56782984733582,3.258589995873941,36,1.0326426721388293,322389,322389,1.2298164367675781,366.39013671875,7012.501590174199
,,,23June_WithDisk_RAMP_concurrent_1000_users,True,1,online-boutique,1000,random,32,"{'Avg@5-CPU (Metric):      ': 0.01, 'Avg@5-CPU (Service):     ': 0.14, 'Avg@5-DISK (Metric):     ': 0.14, 'Avg@5-DISK (Service):    ': 0.32, 'Avg@5-MEM (Metric):      ': 0.05, 'Avg@5-MEM (Service):     ': 0.35, 'Avg@5-DUAL_MACRO (Service)': 0.27, 'Avg@5-DUAL_MACRO (Metric)': 0.07, 'Avg@5-OVERALL (Dual Joint)': 0.0}",0.28052064423032164,0.4838709677419355,8.726119995117188e-05,8.726119995117188e-05,0,0.2517713269879741,0,0,0.0,8.2333984375,23.340497926473617
,,,23June_WithDisk_RAMP_concurrent_1000_users,True,1,sock-shop,1000,FreTS,32,"{'Avg@5-CPU (Metric):      ': 0.42, 'Avg@5-CPU (Service):     ': 0.41, 'Avg@5-DISK (Metric):     ': 0.04, 'Avg@5-DISK (Service):    ': 0.32, 'Avg@5-MEM (Metric):      ': 0.56, 'Avg@5-MEM (Service):     ': 0.49, 'Avg@5-DUAL_MACRO (Service)': 0.41, 'Avg@5-DUAL_MACRO (Metric)': 0.34, 'Avg@5-OVERALL (Dual Joint)': 0.0}",0.3365079365079365,0.5952380952380952,319.4834988117218,7.429848809574926,42,2.3336696454456876,1123232,1123232,4.2847900390625,1569.205078125,47230.05990932822
,,,23June_WithDisk_RAMP_concurrent_1000_users,True,1,sock-shop,1000,LFTSAD,32,"{'Avg@5-CPU (Metric):      ': 0.69, 'Avg@5-CPU (Service):     ': 0.5, 'Avg@5-DISK (Metric):     ': 0.07, 'Avg@5-DISK (Service):    ': 0.49, 'Avg@5-MEM (Metric):      ': 0.61, 'Avg@5-MEM (Service):     ': 0.54, 'Avg@5-DUAL_MACRO (Service)': 0.51, 'Avg@5-DUAL_MACRO (Metric)': 0.46, 'Avg@5-OVERALL (Dual Joint)': 0.0}",0.4339569160997732,0.6190476190476191,43.82905292510986,2.3067922592163086,18,1.4641226473308744,5130,5130,0.01956939697265625,879.5693359375,4801.143144475936
,,,23June_WithDisk_RAMP_concurrent_1000_users,True,1,sock-shop,1000,fits,32,"{'Avg@5-CPU (Metric):      ': 0.78, 'Avg@5-CPU (Service):     ': 0.61, 'Avg@5-DISK (Metric):     ': 0.04, 'Avg@5-DISK (Service):    ': 0.61, 'Avg@5-MEM (Metric):      ': 0.85, 'Avg@5-MEM (Service):     ': 0.64, 'Avg@5-DUAL_MACRO (Service)': 0.62, 'Avg@5-DUAL_MACRO (Metric)': 0.55, 'Avg@5-OVERALL (Dual Joint)': 0.0}",0.5992063492063492,0.6428571428571429,13.168967485427856,0.548706978559494,23,0.9448663791020712,30,30,0.0002288818359375,370.7099609375,799.0950324525834
,,,23June_WithDisk_RAMP_concurrent_1000_users,True,1,sock-shop,1000,SFlexRCA,32,"{'Avg@5-CPU (Metric):      ': 0.79, 'Avg@5-CPU (Service):     ': 0.61, 'Avg@5-DISK (Metric):     ': 0.04, 'Avg@5-DISK (Service):    ': 0.61, 'Avg@5-MEM (Metric):      ': 0.84, 'Avg@5-MEM (Service):     ': 0.64, 'Avg@5-DUAL_MACRO (Service)': 0.62, 'Avg@5-DUAL_MACRO (Metric)': 0.55, 'Avg@5-OVERALL (Dual Joint)': 0.0}",0.5992063492063492,0.6428571428571429,8.356213569641113,0.4642340872022841,17,0.9699024472917829,538,538,0.00205230712890625,362.580078125,543.0285015869141
,,,23June_WithDisk_RAMP_concurrent_1000_users,True,1,sock-shop,1000,timemixerpp,32,"{'Avg@5-CPU (Metric):      ': 0.74, 'Avg@5-CPU (Service):     ': 0.61, 'Avg@5-DISK (Metric):     ': 0.04, 'Avg@5-DISK (Service):    ': 0.61, 'Avg@5-MEM (Metric):      ': 0.92, 'Avg@5-MEM (Service):     ': 0.64, 'Avg@5-DUAL_MACRO (Service)': 0.62, 'Avg@5-DUAL_MACRO (Metric)': 0.56, 'Avg@5-OVERALL (Dual Joint)': 0.0}",0.5992063492063492,0.6428571428571429,148.6427445411682,3.1626115859823023,46,2.620596244221642,336402,336402,1.2832717895507812,442.7890625,8103.077642012835
,,,23June_WithDisk_RAMP_concurrent_1000_users,True,1,sock-shop,1000,random,32,"{'Avg@5-CPU (Metric):      ': 0.01, 'Avg@5-CPU (Service):     ': 0.09, 'Avg@5-DISK (Metric):     ': 0.06, 'Avg@5-DISK (Service):    ': 0.13, 'Avg@5-MEM (Metric):      ': 0.04, 'Avg@5-MEM (Service):     ': 0.12, 'Avg@5-DUAL_MACRO (Service)': 0.11, 'Avg@5-DUAL_MACRO (Metric)': 0.04, 'Avg@5-OVERALL (Dual Joint)': 0.0}",0.12671012849584276,0.2619047619047619,9.417533874511719e-05,9.417533874511719e-05,0,0.4064275934582665,0,0,0.0,10.5048828125,40.477330643177034
,,,23June_WithDisk_RAMP_concurrent_1000_users,True,1,robot-shop,1000,FreTS,32,"{'Avg@5-CPU (Metric):      ': 0.32, 'Avg@5-CPU (Service):     ': 0.6, 'Avg@5-DISK (Metric):     ': 0.2, 'Avg@5-DISK (Service):    ': 0.5, 'Avg@5-MEM (Metric):      ': 0.39, 'Avg@5-MEM (Service):     ': 0.68, 'Avg@5-DUAL_MACRO (Service)': 0.59, 'Avg@5-DUAL_MACRO (Metric)': 0.3, 'Avg@5-OVERALL (Dual Joint)': 0.0}",0.5319406183042547,0.8787878787878788,126.9974672794342,5.772612149065191,21,1.6661546591556433,1123232,1123232,4.2847900390625,1245.7890625,18791.729382749796
,,,23June_WithDisk_RAMP_concurrent_1000_users,True,1,robot-shop,1000,LFTSAD,32,"{'Avg@5-CPU (Metric):      ': 0.47, 'Avg@5-CPU (Service):     ': 0.62, 'Avg@5-DISK (Metric):     ': 0.17, 'Avg@5-DISK (Service):    ': 0.59, 'Avg@5-MEM (Metric):      ': 0.25, 'Avg@5-MEM (Service):     ': 0.65, 'Avg@5-DUAL_MACRO (Service)': 0.62, 'Avg@5-DUAL_MACRO (Metric)': 0.3, 'Avg@5-OVERALL (Dual Joint)': 0.0}",0.5838515020333203,0.7272727272727273,27.22625207901001,1.8150834719340005,14,0.9480218092600504,5130,5130,0.01956939697265625,697.9736328125,2949.267166002512
,,,23June_WithDisk_RAMP_concurrent_1000_users,True,1,robot-shop,1000,fits,32,"{'Avg@5-CPU (Metric):      ': 0.48, 'Avg@5-CPU (Service):     ': 0.7, 'Avg@5-DISK (Metric):     ': 0.17, 'Avg@5-DISK (Service):    ': 0.67, 'Avg@5-MEM (Metric):      ': 0.52, 'Avg@5-MEM (Service):     ': 0.83, 'Avg@5-DUAL_MACRO (Service)': 0.73, 'Avg@5-DUAL_MACRO (Metric)': 0.39, 'Avg@5-OVERALL (Dual Joint)': 0.0}",0.6413540163540163,0.8181818181818182,11.911957263946533,0.5179111853889797,22,0.4862587090694543,30,30,0.0002288818359375,293.7890625,682.6942180933952
,,,23June_WithDisk_RAMP_concurrent_1000_users,True,1,robot-shop,1000,SFlexRCA,32,"{'Avg@5-CPU (Metric):      ': 0.47, 'Avg@5-CPU (Service):     ': 0.69, 'Avg@5-DISK (Metric):     ': 0.16, 'Avg@5-DISK (Service):    ': 0.66, 'Avg@5-MEM (Metric):      ': 0.54, 'Avg@5-MEM (Service):     ': 0.83, 'Avg@5-DUAL_MACRO (Service)': 0.73, 'Avg@5-DUAL_MACRO (Metric)': 0.39, 'Avg@5-OVERALL (Dual Joint)': 0.0}",0.6384078884078884,0.8181818181818182,13.418753385543823,0.706250178186517,18,0.6347713687203147,430,430,0.00164031982421875,286.0029296875,763.3474833548069
,,,23June_WithDisk_RAMP_concurrent_1000_users,True,1,robot-shop,1000,timemixerpp,32,"{'Avg@5-CPU (Metric):      ': 0.48, 'Avg@5-CPU (Service):     ': 0.74, 'Avg@5-DISK (Metric):     ': 0.16, 'Avg@5-DISK (Service):    ': 0.66, 'Avg@5-MEM (Metric):      ': 0.62, 'Avg@5-MEM (Service):     ': 0.82, 'Avg@5-DUAL_MACRO (Service)': 0.74, 'Avg@5-DUAL_MACRO (Metric)': 0.42, 'Avg@5-OVERALL (Dual Joint)': 0.0}",0.6624819624819624,0.8484848484848485,54.06429743766785,2.8454893388246236,18,2.3502204345934317,322389,322389,1.2298164367675781,366.39013671875,3155.996422170639
,,,23June_WithDisk_RAMP_concurrent_1000_users,True,1,robot-shop,1000,random,32,"{'Avg@5-CPU (Metric):      ': 0.19, 'Avg@5-CPU (Service):     ': 0.31, 'Avg@5-DISK (Metric):     ': 0.07, 'Avg@5-DISK (Service):    ': 0.25, 'Avg@5-MEM (Metric):      ': 0.09, 'Avg@5-MEM (Service):     ': 0.31, 'Avg@5-DUAL_MACRO (Service)': 0.29, 'Avg@5-DUAL_MACRO (Metric)': 0.12, 'Avg@5-OVERALL (Dual Joint)': 0.0}",0.286353797717434,0.45454545454545453,9.775161743164062e-05,9.775161743164062e-05,0,0.2529121962460605,0,0,0.0,8.2333984375,25.910861850738524
,,,23June_WithDisk_RAMP_1000_users,False,2,online-boutique,1000,FreTS,32,"{'Avg@5-CPU (Metric):      ': 0.02, 'Avg@5-CPU (Service):     ': 0.33, 'Avg@5-DISK (Metric):     ': 0.55, 'Avg@5-DISK (Service):    ': 0.65, 'Avg@5-MEM (Metric):      ': 0.35, 'Avg@5-MEM (Service):     ': 0.58, 'Avg@5-OVERALL (Service)': 0.52, 'Avg@5-OVERALL (Metric)': 0.3}",0.5343193843193843,0.6363636363636364,163.02437567710876,5.822299131325313,27,1.4236510594685872,1123232,1123232,4.2847900390625,1245.7890625,24462.390524892806
,,,23June_WithDisk_RAMP_1000_users,False,2,online-boutique,1000,LFTSAD,32,"{'Avg@5-CPU (Metric):      ': 0.16, 'Avg@5-CPU (Service):     ': 0.49, 'Avg@5-DISK (Metric):     ': 0.56, 'Avg@5-DISK (Service):    ': 0.64, 'Avg@5-MEM (Metric):      ': 0.07, 'Avg@5-MEM (Service):     ': 0.35, 'Avg@5-OVERALL (Service)': 0.49, 'Avg@5-OVERALL (Metric)': 0.27}",0.4980770912589094,0.6363636363636364,37.57893514633179,1.9778386919121993,18,0.8736693931348396,5130,5130,0.01956939697265625,697.9736328125,4011.064571702004
,,,23June_WithDisk_RAMP_1000_users,False,2,online-boutique,1000,fits,32,"{'Avg@5-CPU (Metric):      ': 0.47, 'Avg@5-CPU (Service):     ': 0.67, 'Avg@5-DISK (Metric):     ': 0.69, 'Avg@5-DISK (Service):    ': 0.85, 'Avg@5-MEM (Metric):      ': 0.55, 'Avg@5-MEM (Service):     ': 0.82, 'Avg@5-OVERALL (Service)': 0.78, 'Avg@5-OVERALL (Metric)': 0.57}",0.7143939393939394,0.9393939393939394,14.518012285232544,0.5377041587123165,26,0.6039141597169818,30,30,0.0002288818359375,293.7890625,833.5497427039146
,,,23June_WithDisk_RAMP_1000_users,False,2,online-boutique,1000,SFlexRCA,32,"{'Avg@5-CPU (Metric):      ': 0.51, 'Avg@5-CPU (Service):     ': 0.67, 'Avg@5-DISK (Metric):     ': 0.73, 'Avg@5-DISK (Service):    ': 0.87, 'Avg@5-MEM (Metric):      ': 0.58, 'Avg@5-MEM (Service):     ': 0.84, 'Avg@5-OVERALL (Service)': 0.79, 'Avg@5-OVERALL (Metric)': 0.61}",0.7285353535353535,0.9393939393939394,13.032942056655884,0.48270155765392164,26,0.5352364597898541,430,430,0.00164031982421875,286.0029296875,738.6299069180488
,,,23June_WithDisk_RAMP_1000_users,False,2,online-boutique,1000,timemixerpp,32,"{'Avg@5-CPU (Metric):      ': 0.58, 'Avg@5-CPU (Service):     ': 0.73, 'Avg@5-DISK (Metric):     ': 0.71, 'Avg@5-DISK (Service):    ': 0.85, 'Avg@5-MEM (Metric):      ': 0.62, 'Avg@5-MEM (Service):     ': 0.85, 'Avg@5-OVERALL (Service)': 0.81, 'Avg@5-OVERALL (Metric)': 0.64}",0.7411616161616161,0.9393939393939394,116.38408970832825,3.2328913807868958,35,1.0738246007399126,322389,322389,1.2298164367675781,366.39013671875,6681.339978266955
,,,23June_WithDisk_RAMP_1000_users,False,2,online-boutique,1000,random,32,"{'Avg@5-CPU (Metric):      ': 0.16, 'Avg@5-CPU (Service):     ': 0.2, 'Avg@5-DISK (Metric):     ': 0.15, 'Avg@5-DISK (Service):    ': 0.45, 'Avg@5-MEM (Metric):      ': 0.13, 'Avg@5-MEM (Service):     ': 0.38, 'Avg@5-OVERALL (Service)': 0.35, 'Avg@5-OVERALL (Metric)': 0.15}",0.31550461323188594,0.5454545454545454,9.1552734375e-05,9.1552734375e-05,0,0.2721501841689601,0,0,0.0,8.2333984375,28.27598920726776
,,,23June_WithDisk_RAMP_1000_users,False,2,sock-shop,1000,FreTS,32,"{'Avg@5-CPU (Metric):      ': 0.51, 'Avg@5-CPU (Service):     ': 0.34, 'Avg@5-DISK (Metric):     ': 1.0, 'Avg@5-DISK (Service):    ': 0.64, 'Avg@5-MEM (Metric):      ': 0.56, 'Avg@5-MEM (Service):     ': 0.37, 'Avg@5-OVERALL (Service)': 0.45, 'Avg@5-OVERALL (Metric)': 0.69}",0.4090230536659109,0.5476190476190477,174.94315433502197,7.2892980972925825,23,2.258071246601286,1123232,1123232,4.2847900390625,1569.205078125,26947.428826273444
,,,23June_WithDisk_RAMP_1000_users,False,2,sock-shop,1000,LFTSAD,32,"{'Avg@5-CPU (Metric):      ': 0.6, 'Avg@5-CPU (Service):     ': 0.5, 'Avg@5-DISK (Metric):     ': 1.0, 'Avg@5-DISK (Service):    ': 0.64, 'Avg@5-MEM (Metric):      ': 0.33, 'Avg@5-MEM (Service):     ': 0.36, 'Avg@5-OVERALL (Service)': 0.5, 'Avg@5-OVERALL (Metric)': 0.64}",0.44510582010582006,0.5714285714285714,46.30169987678528,2.315084993839264,19,1.5315787905738467,5130,5130,0.01956939697265625,879.5693359375,4191.758744067669
,,,23June_WithDisk_RAMP_1000_users,False,2,sock-shop,1000,fits,32,"{'Avg@5-CPU (Metric):      ': 0.83, 'Avg@5-CPU (Service):     ': 0.59, 'Avg@5-DISK (Metric):     ': 1.0, 'Avg@5-DISK (Service):    ': 0.64, 'Avg@5-MEM (Metric):      ': 0.89, 'Avg@5-MEM (Service):     ': 0.63, 'Avg@5-OVERALL (Service)': 0.62, 'Avg@5-OVERALL (Metric)': 0.9}",0.6011904761904762,0.6428571428571429,12.261388063430786,0.5331038288448168,22,0.9099196479434059,30,30,0.0002288818359375,370.7099609375,727.8642330551147
,,,23June_WithDisk_RAMP_1000_users,False,2,sock-shop,1000,SFlexRCA,32,"{'Avg@5-CPU (Metric):      ': 0.83, 'Avg@5-CPU (Service):     ': 0.59, 'Avg@5-DISK (Metric):     ': 1.0, 'Avg@5-DISK (Service):    ': 0.64, 'Avg@5-MEM (Metric):      ': 0.87, 'Avg@5-MEM (Service):     ': 0.63, 'Avg@5-OVERALL (Service)': 0.62, 'Avg@5-OVERALL (Metric)': 0.9}",0.6011904761904762,0.6428571428571429,7.347288370132446,0.43219343353720274,16,0.9221032346997943,538,538,0.00205230712890625,362.580078125,471.05552741241456
,,,23June_WithDisk_RAMP_1000_users,False,2,sock-shop,1000,timemixerpp,32,"{'Avg@5-CPU (Metric):      ': 0.77, 'Avg@5-CPU (Service):     ': 0.57, 'Avg@5-DISK (Metric):     ': 1.0, 'Avg@5-DISK (Service):    ': 0.64, 'Avg@5-MEM (Metric):      ': 0.94, 'Avg@5-MEM (Service):     ': 0.61, 'Avg@5-OVERALL (Service)': 0.61, 'Avg@5-OVERALL (Metric)': 0.9}",0.5853174603174602,0.6428571428571429,148.00615620613098,3.217525134915891,45,1.677165599096389,336402,336402,1.2832717895507812,442.7890625,8248.41724078846
,,,23June_WithDisk_RAMP_1000_users,False,2,sock-shop,1000,random,32,"{'Avg@5-CPU (Metric):      ': 0.0, 'Avg@5-CPU (Service):     ': 0.14, 'Avg@5-DISK (Metric):     ': 0.09, 'Avg@5-DISK (Service):    ': 0.13, 'Avg@5-MEM (Metric):      ': 0.1, 'Avg@5-MEM (Service):     ': 0.21, 'Avg@5-OVERALL (Service)': 0.16, 'Avg@5-OVERALL (Metric)': 0.06}",0.15319349962207104,0.2857142857142857,7.534027099609375e-05,7.534027099609375e-05,0,0.2575786681402297,0,0,0.0,10.5048828125,24.627560869216918
,,,23June_WithDisk_RAMP_1000_users,False,2,robot-shop,1000,FreTS,32,"{'Avg@5-CPU (Metric):      ': 0.49, 'Avg@5-CPU (Service):     ': 0.58, 'Avg@5-DISK (Metric):     ': 0.84, 'Avg@5-DISK (Service):    ': 0.91, 'Avg@5-MEM (Metric):      ': 0.49, 'Avg@5-MEM (Service):     ': 0.76, 'Avg@5-OVERALL (Service)': 0.75, 'Avg@5-OVERALL (Metric)': 0.61}",0.646043771043771,0.8787878787878788,108.48177361488342,5.709567032362285,18,1.3619996851140803,1123232,1123232,4.2847900390625,1245.7890625,16598.99059962368
,,,23June_WithDisk_RAMP_1000_users,False,2,robot-shop,1000,LFTSAD,32,"{'Avg@5-CPU (Metric):      ': 0.18, 'Avg@5-CPU (Service):     ': 0.38, 'Avg@5-DISK (Metric):     ': 0.84, 'Avg@5-DISK (Service):    ': 0.85, 'Avg@5-MEM (Metric):      ': 0.13, 'Avg@5-MEM (Service):     ': 0.44, 'Avg@5-OVERALL (Service)': 0.56, 'Avg@5-OVERALL (Metric)': 0.38}",0.5508067689885872,0.6363636363636364,29.42973017692566,1.961982011795044,14,0.9649365598505194,5130,5130,0.01956939697265625,697.9736328125,3054.23338558197
,,,23June_WithDisk_RAMP_1000_users,False,2,robot-shop,1000,fits,32,"{'Avg@5-CPU (Metric):      ': 0.56, 'Avg@5-CPU (Service):     ': 0.62, 'Avg@5-DISK (Metric):     ': 0.84, 'Avg@5-DISK (Service):    ': 0.93, 'Avg@5-MEM (Metric):      ': 0.47, 'Avg@5-MEM (Service):     ': 0.78, 'Avg@5-OVERALL (Service)': 0.78, 'Avg@5-OVERALL (Metric)': 0.62}",0.6682900432900433,0.8787878787878788,11.496925115585327,0.5225875052538785,21,0.6241358121236166,30,30,0.0002288818359375,293.7890625,656.9319288890362
,,,23June_WithDisk_RAMP_1000_users,False,2,robot-shop,1000,SFlexRCA,32,"{'Avg@5-CPU (Metric):      ': 0.56, 'Avg@5-CPU (Service):     ': 0.64, 'Avg@5-DISK (Metric):     ': 0.84, 'Avg@5-DISK (Service):    ': 0.93, 'Avg@5-MEM (Metric):      ': 0.53, 'Avg@5-MEM (Service):     ': 0.8, 'Avg@5-OVERALL (Service)': 0.79, 'Avg@5-OVERALL (Metric)': 0.64}",0.6778499278499279,0.8787878787878788,8.517232894897461,0.448275415520919,18,0.6160837086764249,430,430,0.00164031982421875,286.0029296875,498.148943939209
,,,23June_WithDisk_RAMP_1000_users,False,2,robot-shop,1000,timemixerpp,32,"{'Avg@5-CPU (Metric):      ': 0.51, 'Avg@5-CPU (Service):     ': 0.62, 'Avg@5-DISK (Metric):     ': 0.85, 'Avg@5-DISK (Service):    ': 0.95, 'Avg@5-MEM (Metric):      ': 0.64, 'Avg@5-MEM (Service):     ': 0.76, 'Avg@5-OVERALL (Service)': 0.78, 'Avg@5-OVERALL (Metric)': 0.67}",0.6973785473785473,0.8787878787878788,57.93107604980469,3.0490040026212992,18,1.1043175711776272,322389,322389,1.2298164367675781,366.39013671875,3386.017922867775
,,,23June_WithDisk_RAMP_1000_users,False,2,robot-shop,1000,random,32,"{'Avg@5-CPU (Metric):      ': 0.07, 'Avg@5-CPU (Service):     ': 0.27, 'Avg@5-DISK (Metric):     ': 0.0, 'Avg@5-DISK (Service):    ': 0.24, 'Avg@5-MEM (Metric):      ': 0.15, 'Avg@5-MEM (Service):     ': 0.29, 'Avg@5-OVERALL (Service)': 0.27, 'Avg@5-OVERALL (Metric)': 0.07}",0.29695001967729245,0.42424242424242425,8.440017700195312e-05,8.440017700195312e-05,0,0.23486963907877603,0,0,0.0,8.2333984375,24.50311650657654
,,,23June_WithDisk_RAMP_concurrent_1000_users,True,2,online-boutique,1000,FreTS,32,"{'Avg@5-CPU (Metric):      ': 0.23, 'Avg@5-CPU (Service):     ': 0.66, 'Avg@5-DISK (Metric):     ': 0.23, 'Avg@5-DISK (Service):    ': 0.6, 'Avg@5-MEM (Metric):      ': 0.4, 'Avg@5-MEM (Service):     ': 0.72, 'Avg@5-DUAL_MACRO (Service)': 0.66, 'Avg@5-DUAL_MACRO (Metric)': 0.29, 'Avg@5-OVERALL (Dual Joint)': 1.0}",0.5744623655913977,0.9032258064516129,162.44445991516113,5.801587854112897,27,1.8241348728056876,1123232,1123232,4.2847900390625,1245.7890625,23296.487148008826
,,,23June_WithDisk_RAMP_concurrent_1000_users,True,2,online-boutique,1000,LFTSAD,32,"{'Avg@5-CPU (Metric):      ': 0.12, 'Avg@5-CPU (Service):     ': 0.56, 'Avg@5-DISK (Metric):     ': 0.28, 'Avg@5-DISK (Service):    ': 0.45, 'Avg@5-MEM (Metric):      ': 0.08, 'Avg@5-MEM (Service):     ': 0.52, 'Avg@5-DUAL_MACRO (Service)': 0.51, 'Avg@5-DUAL_MACRO (Metric)': 0.16, 'Avg@5-OVERALL (Dual Joint)': 0.0}",0.47801168365684493,0.6774193548387096,34.729318618774414,1.8278588746723377,18,0.7902169458327755,5130,5130,0.01956939697265625,697.9736328125,3725.942504827738
,,,23June_WithDisk_RAMP_concurrent_1000_users,True,2,online-boutique,1000,fits,32,"{'Avg@5-CPU (Metric):      ': 0.54, 'Avg@5-CPU (Service):     ': 0.84, 'Avg@5-DISK (Metric):     ': 0.35, 'Avg@5-DISK (Service):    ': 0.85, 'Avg@5-MEM (Metric):      ': 0.58, 'Avg@5-MEM (Service):     ': 0.89, 'Avg@5-DUAL_MACRO (Service)': 0.86, 'Avg@5-DUAL_MACRO (Metric)': 0.49, 'Avg@5-OVERALL (Dual Joint)': 1.0}",0.7960061443932412,0.967741935483871,13.015384197235107,0.4820512665642632,26,0.514320142807499,30,30,0.0002288818359375,293.7890625,727.7983984868526
,,,23June_WithDisk_RAMP_concurrent_1000_users,True,2,online-boutique,1000,SFlexRCA,32,"{'Avg@5-CPU (Metric):      ': 0.54, 'Avg@5-CPU (Service):     ': 0.84, 'Avg@5-DISK (Metric):     ': 0.35, 'Avg@5-DISK (Service):    ': 0.85, 'Avg@5-MEM (Metric):      ': 0.57, 'Avg@5-MEM (Service):     ': 0.89, 'Avg@5-DUAL_MACRO (Service)': 0.86, 'Avg@5-DUAL_MACRO (Metric)': 0.49, 'Avg@5-OVERALL (Dual Joint)': 1.0}",0.7960061443932412,0.967741935483871,12.87706971168518,0.47692850784019186,26,0.5690603563862462,430,430,0.00164031982421875,286.0029296875,711.5187248239517
,,,23June_WithDisk_RAMP_concurrent_1000_users,True,2,online-boutique,1000,timemixerpp,32,"{'Avg@5-CPU (Metric):      ': 0.6, 'Avg@5-CPU (Service):     ': 0.87, 'Avg@5-DISK (Metric):     ': 0.35, 'Avg@5-DISK (Service):    ': 0.87, 'Avg@5-MEM (Metric):      ': 0.61, 'Avg@5-MEM (Service):     ': 0.89, 'Avg@5-DUAL_MACRO (Service)': 0.88, 'Avg@5-DUAL_MACRO (Metric)': 0.52, 'Avg@5-OVERALL (Dual Joint)': 1.0}",0.820199692780338,0.967741935483871,108.97428750991821,3.0270635419421725,35,0.9379715458039315,322389,322389,1.2298164367675781,366.39013671875,6049.80115363741
,,,23June_WithDisk_RAMP_concurrent_1000_users,True,2,online-boutique,1000,random,32,"{'Avg@5-CPU (Metric):      ': 0.05, 'Avg@5-CPU (Service):     ': 0.47, 'Avg@5-DISK (Metric):     ': 0.17, 'Avg@5-DISK (Service):    ': 0.57, 'Avg@5-MEM (Metric):      ': 0.07, 'Avg@5-MEM (Service):     ': 0.48, 'Avg@5-DUAL_MACRO (Service)': 0.51, 'Avg@5-DUAL_MACRO (Metric)': 0.1, 'Avg@5-OVERALL (Dual Joint)': 0.0}",0.4321067821067821,0.7419354838709677,0.00011444091796875,0.00011444091796875,0,0.3054181221992739,0,0,0.0,8.2333984375,27.65470879817009
,,,23June_WithDisk_RAMP_concurrent_1000_users,True,2,sock-shop,1000,FreTS,32,"{'Avg@5-CPU (Metric):      ': 0.41, 'Avg@5-CPU (Service):     ': 0.41, 'Avg@5-DISK (Metric):     ': 0.04, 'Avg@5-DISK (Service):    ': 0.34, 'Avg@5-MEM (Metric):      ': 0.6, 'Avg@5-MEM (Service):     ': 0.51, 'Avg@5-DUAL_MACRO (Service)': 0.42, 'Avg@5-DUAL_MACRO (Metric)': 0.35, 'Avg@5-OVERALL (Dual Joint)': 0.0}",0.3523809523809524,0.5952380952380952,173.78065466880798,7.240860611200333,23,2.3932985067367554,1123232,1123232,4.2847900390625,1569.205078125,25067.175004439352
,,,23June_WithDisk_RAMP_concurrent_1000_users,True,2,sock-shop,1000,LFTSAD,32,"{'Avg@5-CPU (Metric):      ': 0.45, 'Avg@5-CPU (Service):     ': 0.38, 'Avg@5-DISK (Metric):     ': 0.08, 'Avg@5-DISK (Service):    ': 0.34, 'Avg@5-MEM (Metric):      ': 0.23, 'Avg@5-MEM (Service):     ': 0.44, 'Avg@5-DUAL_MACRO (Service)': 0.39, 'Avg@5-DUAL_MACRO (Metric)': 0.25, 'Avg@5-OVERALL (Dual Joint)': 0.0}",0.32291194255479966,0.5714285714285714,45.483479261398315,2.2741739630699156,19,1.3856640997387113,5130,5130,0.01956939697265625,879.5693359375,4075.823346898556
,,,23June_WithDisk_RAMP_concurrent_1000_users,True,2,sock-shop,1000,fits,32,"{'Avg@5-CPU (Metric):      ': 0.78, 'Avg@5-CPU (Service):     ': 0.61, 'Avg@5-DISK (Metric):     ': 0.04, 'Avg@5-DISK (Service):    ': 0.61, 'Avg@5-MEM (Metric):      ': 0.85, 'Avg@5-MEM (Service):     ': 0.64, 'Avg@5-DUAL_MACRO (Service)': 0.62, 'Avg@5-DUAL_MACRO (Metric)': 0.55, 'Avg@5-OVERALL (Dual Joint)': 0.0}",0.5992063492063492,0.6428571428571429,12.440165519714355,0.5408767617267111,22,0.9589088303702218,30,30,0.0002288818359375,370.7099609375,734.2034703040123
,,,23June_WithDisk_RAMP_concurrent_1000_users,True,2,sock-shop,1000,SFlexRCA,32,"{'Avg@5-CPU (Metric):      ': 0.79, 'Avg@5-CPU (Service):     ': 0.61, 'Avg@5-DISK (Metric):     ': 0.04, 'Avg@5-DISK (Service):    ': 0.61, 'Avg@5-MEM (Metric):      ': 0.84, 'Avg@5-MEM (Service):     ': 0.64, 'Avg@5-DUAL_MACRO (Service)': 0.62, 'Avg@5-DUAL_MACRO (Metric)': 0.55, 'Avg@5-OVERALL (Dual Joint)': 0.0}",0.5992063492063492,0.6428571428571429,7.852806806564331,0.461929812150843,16,1.7665978045690627,538,538,0.00205230712890625,362.580078125,585.6169887294769
,,,23June_WithDisk_RAMP_concurrent_1000_users,True,2,sock-shop,1000,timemixerpp,32,"{'Avg@5-CPU (Metric):      ': 0.73, 'Avg@5-CPU (Service):     ': 0.6, 'Avg@5-DISK (Metric):     ': 0.04, 'Avg@5-DISK (Service):    ': 0.61, 'Avg@5-MEM (Metric):      ': 0.91, 'Avg@5-MEM (Service):     ': 0.64, 'Avg@5-DUAL_MACRO (Service)': 0.61, 'Avg@5-DUAL_MACRO (Metric)': 0.56, 'Avg@5-OVERALL (Dual Joint)': 0.0}",0.5873015873015872,0.6428571428571429,145.0324776172638,3.1528799482013867,45,1.5397306453614008,336402,336402,1.2832717895507812,442.7890625,8169.495031425952
,,,23June_WithDisk_RAMP_concurrent_1000_users,True,2,sock-shop,1000,random,32,"{'Avg@5-CPU (Metric):      ': 0.06, 'Avg@5-CPU (Service):     ': 0.19, 'Avg@5-DISK (Metric):     ': 0.08, 'Avg@5-DISK (Service):    ': 0.19, 'Avg@5-MEM (Metric):      ': 0.06, 'Avg@5-MEM (Service):     ': 0.19, 'Avg@5-DUAL_MACRO (Service)': 0.19, 'Avg@5-DUAL_MACRO (Metric)': 0.07, 'Avg@5-OVERALL (Dual Joint)': 0.0}",0.1836262282690854,0.30952380952380953,8.678436279296875e-05,8.678436279296875e-05,0,0.3734479120799473,0,0,0.0,10.5048828125,35.94981768035888
,,,23June_WithDisk_RAMP_concurrent_1000_users,True,2,robot-shop,1000,FreTS,32,"{'Avg@5-CPU (Metric):      ': 0.35, 'Avg@5-CPU (Service):     ': 0.61, 'Avg@5-DISK (Metric):     ': 0.19, 'Avg@5-DISK (Service):    ': 0.52, 'Avg@5-MEM (Metric):      ': 0.4, 'Avg@5-MEM (Service):     ': 0.67, 'Avg@5-DUAL_MACRO (Service)': 0.6, 'Avg@5-DUAL_MACRO (Metric)': 0.32, 'Avg@5-OVERALL (Dual Joint)': 0.0}",0.5571319253137436,0.8787878787878788,108.0437912940979,5.6865153312683105,18,2.2605178717410928,1123232,1123232,4.2847900390625,1245.7890625,14204.469429906369
,,,23June_WithDisk_RAMP_concurrent_1000_users,True,2,robot-shop,1000,LFTSAD,32,"{'Avg@5-CPU (Metric):      ': 0.25, 'Avg@5-CPU (Service):     ': 0.52, 'Avg@5-DISK (Metric):     ': 0.16, 'Avg@5-DISK (Service):    ': 0.42, 'Avg@5-MEM (Metric):      ': 0.02, 'Avg@5-MEM (Service):     ': 0.54, 'Avg@5-DUAL_MACRO (Service)': 0.49, 'Avg@5-DUAL_MACRO (Metric)': 0.14, 'Avg@5-OVERALL (Dual Joint)': 0.0}",0.5059775241593424,0.5757575757575758,27.01895499229431,1.8012636661529542,14,0.8967638665979559,5130,5130,0.01956939697265625,697.9736328125,2876.1752797756194
,,,23June_WithDisk_RAMP_concurrent_1000_users,True,2,robot-shop,1000,fits,32,"{'Avg@5-CPU (Metric):      ': 0.48, 'Avg@5-CPU (Service):     ': 0.7, 'Avg@5-DISK (Metric):     ': 0.17, 'Avg@5-DISK (Service):    ': 0.67, 'Avg@5-MEM (Metric):      ': 0.52, 'Avg@5-MEM (Service):     ': 0.83, 'Avg@5-DUAL_MACRO (Service)': 0.73, 'Avg@5-DUAL_MACRO (Metric)': 0.39, 'Avg@5-OVERALL (Dual Joint)': 0.0}",0.6413540163540163,0.8181818181818182,11.241760492324829,0.5109891132874922,21,1.2432214419047039,30,30,0.0002288818359375,293.7890625,680.0707463693618
,,,23June_WithDisk_RAMP_concurrent_1000_users,True,2,robot-shop,1000,SFlexRCA,32,"{'Avg@5-CPU (Metric):      ': 0.48, 'Avg@5-CPU (Service):     ': 0.7, 'Avg@5-DISK (Metric):     ': 0.16, 'Avg@5-DISK (Service):    ': 0.66, 'Avg@5-MEM (Metric):      ': 0.55, 'Avg@5-MEM (Service):     ': 0.84, 'Avg@5-DUAL_MACRO (Service)': 0.73, 'Avg@5-DUAL_MACRO (Metric)': 0.4, 'Avg@5-OVERALL (Dual Joint)': 0.0}",0.6535594035594036,0.8181818181818182,7.440759658813477,0.3916189294112356,18,1.6919644673665364,430,430,0.00164031982421875,286.0029296875,560.4183546638488
,,,23June_WithDisk_RAMP_concurrent_1000_users,True,2,robot-shop,1000,timemixerpp,32,"{'Avg@5-CPU (Metric):      ': 0.49, 'Avg@5-CPU (Service):     ': 0.73, 'Avg@5-DISK (Metric):     ': 0.17, 'Avg@5-DISK (Service):    ': 0.68, 'Avg@5-MEM (Metric):      ': 0.61, 'Avg@5-MEM (Service):     ': 0.83, 'Avg@5-DUAL_MACRO (Service)': 0.75, 'Avg@5-DUAL_MACRO (Metric)': 0.42, 'Avg@5-OVERALL (Dual Joint)': 0.0}",0.666991341991342,0.8484848484848485,54.339518547058105,2.859974660371479,18,1.0573132327108672,322389,322389,1.2298164367675781,366.39013671875,3233.400752925396
,,,23June_WithDisk_RAMP_concurrent_1000_users,True,2,robot-shop,1000,random,32,"{'Avg@5-CPU (Metric):      ': 0.06, 'Avg@5-CPU (Service):     ': 0.18, 'Avg@5-DISK (Metric):     ': 0.04, 'Avg@5-DISK (Service):    ': 0.31, 'Avg@5-MEM (Metric):      ': 0.04, 'Avg@5-MEM (Service):     ': 0.24, 'Avg@5-DUAL_MACRO (Service)': 0.24, 'Avg@5-DUAL_MACRO (Metric)': 0.05, 'Avg@5-OVERALL (Dual Joint)': 0.0}",0.21895797804888717,0.42424242424242425,0.00030303001403808594,0.00030303001403808594,0,0.37241743550156103,0,0,0.0,8.2333984375,36.69606505393982
,,,23June_WithDisk_RAMP_1000_users,False,3,online-boutique,1000,FreTS,32,"{'Avg@5-CPU (Metric):      ': 0.02, 'Avg@5-CPU (Service):     ': 0.33, 'Avg@5-DISK (Metric):     ': 0.55, 'Avg@5-DISK (Service):    ': 0.65, 'Avg@5-MEM (Metric):      ': 0.36, 'Avg@5-MEM (Service):     ': 0.58, 'Avg@5-OVERALL (Service)': 0.52, 'Avg@5-OVERALL (Metric)': 0.31}",0.5337782587782587,0.6363636363636364,162.34794306755066,5.798140823841095,27,1.427135048490582,1123232,1123232,4.2847900390625,1245.7890625,23949.237767443654
,,,23June_WithDisk_RAMP_1000_users,False,3,online-boutique,1000,LFTSAD,32,"{'Avg@5-CPU (Metric):      ': 0.0, 'Avg@5-CPU (Service):     ': 0.18, 'Avg@5-DISK (Metric):     ': 0.56, 'Avg@5-DISK (Service):    ': 0.71, 'Avg@5-MEM (Metric):      ': 0.16, 'Avg@5-MEM (Service):     ': 0.44, 'Avg@5-OVERALL (Service)': 0.44, 'Avg@5-OVERALL (Metric)': 0.24}",0.4634319384319385,0.5757575757575758,39.55779314041138,1.9778896570205688,19,0.9089326858520508,5130,5130,0.01956939697265625,697.9736328125,4152.969237120152
,,,23June_WithDisk_RAMP_1000_users,False,3,online-boutique,1000,fits,32,"{'Avg@5-CPU (Metric):      ': 0.47, 'Avg@5-CPU (Service):     ': 0.67, 'Avg@5-DISK (Metric):     ': 0.71, 'Avg@5-DISK (Service):    ': 0.85, 'Avg@5-MEM (Metric):      ': 0.55, 'Avg@5-MEM (Service):     ': 0.82, 'Avg@5-OVERALL (Service)': 0.78, 'Avg@5-OVERALL (Metric)': 0.58}",0.7143939393939394,0.9393939393939394,12.816848754882812,0.5340353647867838,23,0.6284752759066495,30,30,0.0002288818359375,293.7890625,732.4503913459778
,,,23June_WithDisk_RAMP_1000_users,False,3,online-boutique,1000,SFlexRCA,32,"{'Avg@5-CPU (Metric):      ': 0.49, 'Avg@5-CPU (Service):     ': 0.67, 'Avg@5-DISK (Metric):     ': 0.73, 'Avg@5-DISK (Service):    ': 0.89, 'Avg@5-MEM (Metric):      ': 0.58, 'Avg@5-MEM (Service):     ': 0.84, 'Avg@5-OVERALL (Service)': 0.8, 'Avg@5-OVERALL (Metric)': 0.6}",0.7335858585858586,0.9393939393939394,12.241411924362183,0.45338562682822897,26,0.5757455031077067,430,430,0.00164031982421875,286.0029296875,687.2725372037888
,,,23June_WithDisk_RAMP_1000_users,False,3,online-boutique,1000,timemixerpp,32,"{'Avg@5-CPU (Metric):      ': 0.58, 'Avg@5-CPU (Service):     ': 0.71, 'Avg@5-DISK (Metric):     ': 0.73, 'Avg@5-DISK (Service):    ': 0.87, 'Avg@5-MEM (Metric):      ': 0.65, 'Avg@5-MEM (Service):     ': 0.87, 'Avg@5-OVERALL (Service)': 0.82, 'Avg@5-OVERALL (Metric)': 0.65}",0.7555916305916306,0.9393939393939394,114.78984785079956,3.1886068847444324,35,1.075359293908784,322389,322389,1.2298164367675781,366.39013671875,6574.965476989746
,,,23June_WithDisk_RAMP_1000_users,False,3,online-boutique,1000,random,32,"{'Avg@5-CPU (Metric):      ': 0.09, 'Avg@5-CPU (Service):     ': 0.22, 'Avg@5-DISK (Metric):     ': 0.04, 'Avg@5-DISK (Service):    ': 0.18, 'Avg@5-MEM (Metric):      ': 0.04, 'Avg@5-MEM (Service):     ': 0.38, 'Avg@5-OVERALL (Service)': 0.26, 'Avg@5-OVERALL (Metric)': 0.05}",0.2906838952293498,0.3939393939393939,9.1552734375e-05,9.1552734375e-05,0,0.22447733445601029,0,0,0.0,8.2333984375,22.453687718629837
,,,23June_WithDisk_RAMP_1000_users,False,3,sock-shop,1000,FreTS,32,"{'Avg@5-CPU (Metric):      ': 0.51, 'Avg@5-CPU (Service):     ': 0.34, 'Avg@5-DISK (Metric):     ': 1.0, 'Avg@5-DISK (Service):    ': 0.64, 'Avg@5-MEM (Metric):      ': 0.61, 'Avg@5-MEM (Service):     ': 0.39, 'Avg@5-OVERALL (Service)': 0.46, 'Avg@5-OVERALL (Metric)': 0.71}",0.41100718065003783,0.5476190476190477,197.15736484527588,7.302124623899107,26,2.2770459879012335,1123232,1123232,4.2847900390625,1569.205078125,30095.426482625484
,,,23June_WithDisk_RAMP_1000_users,False,3,sock-shop,1000,LFTSAD,32,"{'Avg@5-CPU (Metric):      ': 0.61, 'Avg@5-CPU (Service):     ': 0.47, 'Avg@5-DISK (Metric):     ': 1.0, 'Avg@5-DISK (Service):    ': 0.64, 'Avg@5-MEM (Metric):      ': 0.34, 'Avg@5-MEM (Service):     ': 0.37, 'Avg@5-OVERALL (Service)': 0.5, 'Avg@5-OVERALL (Metric)': 0.65}",0.4327664399092971,0.5952380952380952,48.343860149383545,2.3020885785420737,20,1.4247654449372065,5130,5130,0.01956939697265625,879.5693359375,5285.332104309082
,,,23June_WithDisk_RAMP_1000_users,False,3,sock-shop,1000,fits,32,"{'Avg@5-CPU (Metric):      ': 0.83, 'Avg@5-CPU (Service):     ': 0.59, 'Avg@5-DISK (Metric):     ': 1.0, 'Avg@5-DISK (Service):    ': 0.64, 'Avg@5-MEM (Metric):      ': 0.89, 'Avg@5-MEM (Service):     ': 0.63, 'Avg@5-OVERALL (Service)': 0.62, 'Avg@5-OVERALL (Metric)': 0.9}",0.6011904761904762,0.6428571428571429,10.970389366149902,0.5485194683074951,19,0.9310238020760673,30,30,0.0002288818359375,370.7099609375,679.8190740516186
,,,23June_WithDisk_RAMP_1000_users,False,3,sock-shop,1000,SFlexRCA,32,"{'Avg@5-CPU (Metric):      ': 0.83, 'Avg@5-CPU (Service):     ': 0.59, 'Avg@5-DISK (Metric):     ': 1.0, 'Avg@5-DISK (Service):    ': 0.64, 'Avg@5-MEM (Metric):      ': 0.87, 'Avg@5-MEM (Service):     ': 0.63, 'Avg@5-OVERALL (Service)': 0.62, 'Avg@5-OVERALL (Metric)': 0.9}",0.6011904761904762,0.6428571428571429,8.46678376197815,0.4703768756654527,17,0.8294938973018101,538,538,0.00205230712890625,362.580078125,524.9282466125488
,,,23June_WithDisk_RAMP_1000_users,False,3,sock-shop,1000,timemixerpp,32,"{'Avg@5-CPU (Metric):      ': 0.77, 'Avg@5-CPU (Service):     ': 0.57, 'Avg@5-DISK (Metric):     ': 1.0, 'Avg@5-DISK (Service):    ': 0.64, 'Avg@5-MEM (Metric):      ': 0.93, 'Avg@5-MEM (Service):     ': 0.61, 'Avg@5-OVERALL (Service)': 0.61, 'Avg@5-OVERALL (Metric)': 0.9}",0.5853174603174602,0.6428571428571429,116.45418739318848,3.23483853869968,35,1.4522608575366793,336402,336402,1.2832717895507812,442.7890625,6757.766346650601
,,,23June_WithDisk_RAMP_1000_users,False,3,sock-shop,1000,random,32,"{'Avg@5-CPU (Metric):      ': 0.17, 'Avg@5-CPU (Service):     ': 0.09, 'Avg@5-DISK (Metric):     ': 0.01, 'Avg@5-DISK (Service):    ': 0.09, 'Avg@5-MEM (Metric):      ': 0.03, 'Avg@5-MEM (Service):     ': 0.23, 'Avg@5-OVERALL (Service)': 0.13, 'Avg@5-OVERALL (Metric)': 0.07}",0.14267762660619804,0.2619047619047619,8.678436279296875e-05,8.678436279296875e-05,0,0.3755083367938087,0,0,0.0,10.5048828125,36.54065299892425
,,,23June_WithDisk_RAMP_1000_users,False,3,robot-shop,1000,FreTS,32,"{'Avg@5-CPU (Metric):      ': 0.49, 'Avg@5-CPU (Service):     ': 0.58, 'Avg@5-DISK (Metric):     ': 0.84, 'Avg@5-DISK (Service):    ': 0.91, 'Avg@5-MEM (Metric):      ': 0.47, 'Avg@5-MEM (Service):     ': 0.75, 'Avg@5-OVERALL (Service)': 0.75, 'Avg@5-OVERALL (Metric)': 0.6}",0.640993265993266,0.8787878787878788,115.25559329986572,5.762779664993286,19,1.4232867342053037,1123232,1123232,4.2847900390625,1245.7890625,17393.696646070483
,,,23June_WithDisk_RAMP_1000_users,False,3,robot-shop,1000,LFTSAD,32,"{'Avg@5-CPU (Metric):      ': 0.24, 'Avg@5-CPU (Service):     ': 0.44, 'Avg@5-DISK (Metric):     ': 0.84, 'Avg@5-DISK (Service):    ': 0.85, 'Avg@5-MEM (Metric):      ': 0.0, 'Avg@5-MEM (Service):     ': 0.38, 'Avg@5-OVERALL (Service)': 0.56, 'Avg@5-OVERALL (Metric)': 0.36}",0.5534763216581399,0.6666666666666666,26.944053649902344,1.796270243326823,14,1.536231366070834,5130,5130,0.01956939697265625,697.9736328125,2051.7872827920914
,,,23June_WithDisk_RAMP_1000_users,False,3,robot-shop,1000,fits,32,"{'Avg@5-CPU (Metric):      ': 0.56, 'Avg@5-CPU (Service):     ': 0.62, 'Avg@5-DISK (Metric):     ': 0.84, 'Avg@5-DISK (Service):    ': 0.93, 'Avg@5-MEM (Metric):      ': 0.47, 'Avg@5-MEM (Service):     ': 0.78, 'Avg@5-OVERALL (Service)': 0.78, 'Avg@5-OVERALL (Metric)': 0.62}",0.6682900432900433,0.8787878787878788,10.355827569961548,0.5450435563137657,18,0.5813526384758226,30,30,0.0002288818359375,293.7890625,603.9755665841102
,,,23June_WithDisk_RAMP_1000_users,False,3,robot-shop,1000,SFlexRCA,32,"{'Avg@5-CPU (Metric):      ': 0.55, 'Avg@5-CPU (Service):     ': 0.6, 'Avg@5-DISK (Metric):     ': 0.84, 'Avg@5-DISK (Service):    ': 0.93, 'Avg@5-MEM (Metric):      ': 0.45, 'Avg@5-MEM (Service):     ': 0.78, 'Avg@5-OVERALL (Service)': 0.77, 'Avg@5-OVERALL (Metric)': 0.61}",0.6626984126984128,0.8787878787878788,8.451153755187988,0.4447975660625257,18,0.6026278698083126,430,430,0.00164031982421875,286.0029296875,503.272612103939
,,,23June_WithDisk_RAMP_1000_users,False,3,robot-shop,1000,timemixerpp,32,"{'Avg@5-CPU (Metric):      ': 0.62, 'Avg@5-CPU (Service):     ': 0.64, 'Avg@5-DISK (Metric):     ': 0.85, 'Avg@5-DISK (Service):    ': 0.95, 'Avg@5-MEM (Metric):      ': 0.62, 'Avg@5-MEM (Service):     ': 0.76, 'Avg@5-OVERALL (Service)': 0.78, 'Avg@5-OVERALL (Metric)': 0.7}",0.6862674362674362,0.8787878787878788,58.65556335449219,3.0871349133943258,18,1.1352518255060369,322389,322389,1.2298164367675781,366.39013671875,3502.065936284542
,,,23June_WithDisk_RAMP_1000_users,False,3,robot-shop,1000,random,32,"{'Avg@5-CPU (Metric):      ': 0.0, 'Avg@5-CPU (Service):     ': 0.11, 'Avg@5-DISK (Metric):     ': 0.18, 'Avg@5-DISK (Service):    ': 0.33, 'Avg@5-MEM (Metric):      ': 0.05, 'Avg@5-MEM (Service):     ': 0.29, 'Avg@5-OVERALL (Service)': 0.24, 'Avg@5-OVERALL (Metric)': 0.08}",0.26216275307184395,0.3939393939393939,8.606910705566406e-05,8.606910705566406e-05,0,0.24403853127450653,0,0,0.0,8.2333984375,24.78393455243111
,,,23June_WithDisk_RAMP_concurrent_1000_users,True,3,online-boutique,1000,FreTS,32,"{'Avg@5-CPU (Metric):      ': 0.23, 'Avg@5-CPU (Service):     ': 0.64, 'Avg@5-DISK (Metric):     ': 0.24, 'Avg@5-DISK (Service):    ': 0.61, 'Avg@5-MEM (Metric):      ': 0.4, 'Avg@5-MEM (Service):     ': 0.71, 'Avg@5-DUAL_MACRO (Service)': 0.65, 'Avg@5-DUAL_MACRO (Metric)': 0.29, 'Avg@5-OVERALL (Dual Joint)': 0.0}",0.5728494623655913,0.9032258064516129,163.1361005306244,5.826289304665157,27,2.080450004146945,1123232,1123232,4.2847900390625,1245.7890625,20407.4720242908
,,,23June_WithDisk_RAMP_concurrent_1000_users,True,3,online-boutique,1000,LFTSAD,32,"{'Avg@5-CPU (Metric):      ': 0.09, 'Avg@5-CPU (Service):     ': 0.53, 'Avg@5-DISK (Metric):     ': 0.34, 'Avg@5-DISK (Service):    ': 0.44, 'Avg@5-MEM (Metric):      ': 0.03, 'Avg@5-MEM (Service):     ': 0.51, 'Avg@5-DUAL_MACRO (Service)': 0.49, 'Avg@5-DUAL_MACRO (Metric)': 0.15, 'Avg@5-OVERALL (Dual Joint)': 0.0}",0.492716333845366,0.6451612903225806,36.63791227340698,1.831895613670349,19,0.7742332566169,5130,5130,0.01956939697265625,697.9736328125,3984.93591072464
,,,23June_WithDisk_RAMP_concurrent_1000_users,True,3,online-boutique,1000,fits,32,"{'Avg@5-CPU (Metric):      ': 0.54, 'Avg@5-CPU (Service):     ': 0.84, 'Avg@5-DISK (Metric):     ': 0.35, 'Avg@5-DISK (Service):    ': 0.85, 'Avg@5-MEM (Metric):      ': 0.58, 'Avg@5-MEM (Service):     ': 0.89, 'Avg@5-DUAL_MACRO (Service)': 0.86, 'Avg@5-DUAL_MACRO (Metric)': 0.49, 'Avg@5-OVERALL (Dual Joint)': 1.0}",0.7960061443932412,0.967741935483871,11.927356481552124,0.4969731867313385,23,0.5573429446066579,30,30,0.0002288818359375,293.7890625,680.9704673986434
,,,23June_WithDisk_RAMP_concurrent_1000_users,True,3,online-boutique,1000,SFlexRCA,32,"{'Avg@5-CPU (Metric):      ': 0.54, 'Avg@5-CPU (Service):     ': 0.84, 'Avg@5-DISK (Metric):     ': 0.35, 'Avg@5-DISK (Service):    ': 0.85, 'Avg@5-MEM (Metric):      ': 0.57, 'Avg@5-MEM (Service):     ': 0.89, 'Avg@5-DUAL_MACRO (Service)': 0.86, 'Avg@5-DUAL_MACRO (Metric)': 0.49, 'Avg@5-OVERALL (Dual Joint)': 1.0}",0.7960061443932412,0.967741935483871,16.51674222946167,0.6117311936837656,26,0.5610103530268515,430,430,0.00164031982421875,286.0029296875,900.2124912242889
,,,23June_WithDisk_RAMP_concurrent_1000_users,True,3,online-boutique,1000,timemixerpp,32,"{'Avg@5-CPU (Metric):      ': 0.59, 'Avg@5-CPU (Service):     ': 0.86, 'Avg@5-DISK (Metric):     ': 0.36, 'Avg@5-DISK (Service):    ': 0.87, 'Avg@5-MEM (Metric):      ': 0.62, 'Avg@5-MEM (Service):     ': 0.88, 'Avg@5-DUAL_MACRO (Service)': 0.87, 'Avg@5-DUAL_MACRO (Metric)': 0.52, 'Avg@5-OVERALL (Dual Joint)': 1.0}",0.8185867895545315,0.967741935483871,108.32078242301941,3.0089106228616505,35,0.9106740490082772,322389,322389,1.2298164367675781,366.39013671875,6283.971753730774
,,,23June_WithDisk_RAMP_concurrent_1000_users,True,3,online-boutique,1000,random,32,"{'Avg@5-CPU (Metric):      ': 0.09, 'Avg@5-CPU (Service):     ': 0.42, 'Avg@5-DISK (Metric):     ': 0.14, 'Avg@5-DISK (Service):    ': 0.36, 'Avg@5-MEM (Metric):      ': 0.16, 'Avg@5-MEM (Service):     ': 0.38, 'Avg@5-DUAL_MACRO (Service)': 0.39, 'Avg@5-DUAL_MACRO (Metric)': 0.13, 'Avg@5-OVERALL (Dual Joint)': 0.0}",0.3535609551738583,0.5806451612903226,0.00019812583923339844,0.00019812583923339844,0,0.5356229351412866,0,0,0.0,8.2333984375,45.802061738014224
,,,23June_WithDisk_RAMP_concurrent_1000_users,True,3,sock-shop,1000,FreTS,32,"{'Avg@5-CPU (Metric):      ': 0.41, 'Avg@5-CPU (Service):     ': 0.43, 'Avg@5-DISK (Metric):     ': 0.04, 'Avg@5-DISK (Service):    ': 0.36, 'Avg@5-MEM (Metric):      ': 0.64, 'Avg@5-MEM (Service):     ': 0.54, 'Avg@5-DUAL_MACRO (Service)': 0.44, 'Avg@5-DUAL_MACRO (Metric)': 0.36, 'Avg@5-OVERALL (Dual Joint)': 0.0}",0.38055555555555554,0.5952380952380952,196.81565308570862,7.289468632804023,26,2.9042395807447887,1123232,1123232,4.2847900390625,1569.205078125,29090.686458374028
,,,23June_WithDisk_RAMP_concurrent_1000_users,True,3,sock-shop,1000,LFTSAD,32,"{'Avg@5-CPU (Metric):      ': 0.56, 'Avg@5-CPU (Service):     ': 0.46, 'Avg@5-DISK (Metric):     ': 0.1, 'Avg@5-DISK (Service):    ': 0.41, 'Avg@5-MEM (Metric):      ': 0.43, 'Avg@5-MEM (Service):     ': 0.46, 'Avg@5-DUAL_MACRO (Service)': 0.44, 'Avg@5-DUAL_MACRO (Metric)': 0.36, 'Avg@5-OVERALL (Dual Joint)': 0.0}",0.37023809523809526,0.6428571428571429,45.46142792701721,2.164829901286534,20,1.1947369632266818,5130,5130,0.01956939697265625,879.5693359375,5201.232149886608
,,,23June_WithDisk_RAMP_concurrent_1000_users,True,3,sock-shop,1000,fits,32,"{'Avg@5-CPU (Metric):      ': 0.78, 'Avg@5-CPU (Service):     ': 0.61, 'Avg@5-DISK (Metric):     ': 0.04, 'Avg@5-DISK (Service):    ': 0.61, 'Avg@5-MEM (Metric):      ': 0.85, 'Avg@5-MEM (Service):     ': 0.64, 'Avg@5-DUAL_MACRO (Service)': 0.62, 'Avg@5-DUAL_MACRO (Metric)': 0.55, 'Avg@5-OVERALL (Dual Joint)': 0.0}",0.5992063492063492,0.6428571428571429,15.705113410949707,0.7852556705474854,19,0.9409809907277426,30,30,0.0002288818359375,370.7099609375,915.870192842722
,,,23June_WithDisk_RAMP_concurrent_1000_users,True,3,sock-shop,1000,SFlexRCA,32,"{'Avg@5-CPU (Metric):      ': 0.79, 'Avg@5-CPU (Service):     ': 0.61, 'Avg@5-DISK (Metric):     ': 0.04, 'Avg@5-DISK (Service):    ': 0.61, 'Avg@5-MEM (Metric):      ': 0.84, 'Avg@5-MEM (Service):     ': 0.64, 'Avg@5-DUAL_MACRO (Service)': 0.62, 'Avg@5-DUAL_MACRO (Metric)': 0.55, 'Avg@5-OVERALL (Dual Joint)': 0.0}",0.5992063492063492,0.6428571428571429,8.01807713508606,0.44544872972700333,17,1.0472434645607358,538,538,0.00205230712890625,362.580078125,514.4702944936752
,,,23June_WithDisk_RAMP_concurrent_1000_users,True,3,sock-shop,1000,timemixerpp,32,"{'Avg@5-CPU (Metric):      ': 0.74, 'Avg@5-CPU (Service):     ': 0.61, 'Avg@5-DISK (Metric):     ': 0.04, 'Avg@5-DISK (Service):    ': 0.61, 'Avg@5-MEM (Metric):      ': 0.91, 'Avg@5-MEM (Service):     ': 0.64, 'Avg@5-DUAL_MACRO (Service)': 0.62, 'Avg@5-DUAL_MACRO (Metric)': 0.56, 'Avg@5-OVERALL (Dual Joint)': 0.0}",0.5992063492063492,0.6428571428571429,114.55257153511047,3.182015875975291,35,1.629592634382702,336402,336402,1.2832717895507812,442.7890625,6532.983655630589
,,,23June_WithDisk_RAMP_concurrent_1000_users,True,3,sock-shop,1000,random,32,"{'Avg@5-CPU (Metric):      ': 0.02, 'Avg@5-CPU (Service):     ': 0.29, 'Avg@5-DISK (Metric):     ': 0.04, 'Avg@5-DISK (Service):    ': 0.21, 'Avg@5-MEM (Metric):      ': 0.03, 'Avg@5-MEM (Service):     ': 0.19, 'Avg@5-DUAL_MACRO (Service)': 0.23, 'Avg@5-DUAL_MACRO (Metric)': 0.03, 'Avg@5-OVERALL (Dual Joint)': 0.0}",0.21864134542705968,0.30952380952380953,8.797645568847656e-05,8.797645568847656e-05,0,0.3840370972951253,0,0,0.0,10.5048828125,32.001478830814364
,,,23June_WithDisk_RAMP_concurrent_1000_users,True,3,robot-shop,1000,FreTS,32,"{'Avg@5-CPU (Metric):      ': 0.3, 'Avg@5-CPU (Service):     ': 0.59, 'Avg@5-DISK (Metric):     ': 0.2, 'Avg@5-DISK (Service):    ': 0.5, 'Avg@5-MEM (Metric):      ': 0.38, 'Avg@5-MEM (Service):     ': 0.67, 'Avg@5-DUAL_MACRO (Service)': 0.59, 'Avg@5-DUAL_MACRO (Metric)': 0.29, 'Avg@5-OVERALL (Dual Joint)': 0.0}",0.5268288950107133,0.8787878787878788,114.46333384513855,5.723166692256927,19,1.7639033071922534,1123232,1123232,4.2847900390625,1245.7890625,14602.393689056396
,,,23June_WithDisk_RAMP_concurrent_1000_users,True,3,robot-shop,1000,LFTSAD,32,"{'Avg@5-CPU (Metric):      ': 0.22, 'Avg@5-CPU (Service):     ': 0.55, 'Avg@5-DISK (Metric):     ': 0.23, 'Avg@5-DISK (Service):    ': 0.49, 'Avg@5-MEM (Metric):      ': 0.06, 'Avg@5-MEM (Service):     ': 0.62, 'Avg@5-DUAL_MACRO (Service)': 0.55, 'Avg@5-DUAL_MACRO (Metric)': 0.17, 'Avg@5-OVERALL (Dual Joint)': 0.0}",0.5473304473304473,0.6666666666666666,27.272953271865845,1.8181968847910563,14,0.9069712017521714,5130,5130,0.01956939697265625,697.9736328125,2802.4071031417843
,,,23June_WithDisk_RAMP_concurrent_1000_users,True,3,robot-shop,1000,fits,32,"{'Avg@5-CPU (Metric):      ': 0.48, 'Avg@5-CPU (Service):     ': 0.7, 'Avg@5-DISK (Metric):     ': 0.17, 'Avg@5-DISK (Service):    ': 0.67, 'Avg@5-MEM (Metric):      ': 0.52, 'Avg@5-MEM (Service):     ': 0.83, 'Avg@5-DUAL_MACRO (Service)': 0.73, 'Avg@5-DUAL_MACRO (Metric)': 0.39, 'Avg@5-OVERALL (Dual Joint)': 0.0}",0.6413540163540163,0.8181818181818182,9.992885112762451,0.5259413217243395,18,0.5476457928166245,30,30,0.0002288818359375,293.7890625,576.6868470411301
,,,23June_WithDisk_RAMP_concurrent_1000_users,True,3,robot-shop,1000,SFlexRCA,32,"{'Avg@5-CPU (Metric):      ': 0.49, 'Avg@5-CPU (Service):     ': 0.7, 'Avg@5-DISK (Metric):     ': 0.17, 'Avg@5-DISK (Service):    ': 0.66, 'Avg@5-MEM (Metric):      ': 0.5, 'Avg@5-MEM (Service):     ': 0.82, 'Avg@5-DUAL_MACRO (Service)': 0.73, 'Avg@5-DUAL_MACRO (Metric)': 0.39, 'Avg@5-OVERALL (Dual Joint)': 0.0}",0.6358826358826359,0.8181818181818182,7.140478610992432,0.3758146637364438,18,0.5225259535240404,430,430,0.00164031982421875,286.0029296875,419.2576256940365
,,,23June_WithDisk_RAMP_concurrent_1000_users,True,3,robot-shop,1000,timemixerpp,32,"{'Avg@5-CPU (Metric):      ': 0.49, 'Avg@5-CPU (Service):     ': 0.74, 'Avg@5-DISK (Metric):     ': 0.17, 'Avg@5-DISK (Service):    ': 0.68, 'Avg@5-MEM (Metric):      ': 0.65, 'Avg@5-MEM (Service):     ': 0.84, 'Avg@5-DUAL_MACRO (Service)': 0.75, 'Avg@5-DUAL_MACRO (Metric)': 0.44, 'Avg@5-OVERALL (Dual Joint)': 0.0}",0.6695165945165946,0.8484848484848485,55.08025598526001,2.8989608413294743,18,1.0300307924097234,322389,322389,1.2298164367675781,366.39013671875,3242.024279168129
,,,23June_WithDisk_RAMP_concurrent_1000_users,True,3,robot-shop,1000,random,32,"{'Avg@5-CPU (Metric):      ': 0.05, 'Avg@5-CPU (Service):     ': 0.15, 'Avg@5-DISK (Metric):     ': 0.0, 'Avg@5-DISK (Service):    ': 0.15, 'Avg@5-MEM (Metric):      ': 0.09, 'Avg@5-MEM (Service):     ': 0.22, 'Avg@5-DUAL_MACRO (Service)': 0.18, 'Avg@5-DUAL_MACRO (Metric)': 0.05, 'Avg@5-OVERALL (Dual Joint)': 0.0}",0.20954130045039135,0.3939393939393939,9.751319885253906e-05,9.751319885253906e-05,0,0.21382928617072827,0,0,0.0,8.2333984375,13.758443726062774
simple,fixed,mlp,23June_WithDisk_RAMP_1000_users,False,1,online-boutique,1000,SFlexRCA,32,"{'Avg@5-CPU (Metric):      ': 0.49, 'Avg@5-CPU (Service):     ': 0.67, 'Avg@5-DISK (Metric):     ': 0.73, 'Avg@5-DISK (Service):    ': 0.87, 'Avg@5-MEM (Metric):      ': 0.58, 'Avg@5-MEM (Service):     ': 0.84, 'Avg@5-OVERALL (Service)': 0.79, 'Avg@5-OVERALL (Metric)': 0.6}",0.7310606060606061,0.9393939393939394,7.579343795776367,0.44584375269272747,16,0.5550790483301337,290,290,0.00110626220703125,294.3173828125,422.8089218378067
simple,fixed,mlp,23June_WithDisk_RAMP_1000_users,False,1,sock-shop,1000,SFlexRCA,32,"{'Avg@5-CPU (Metric):      ': 0.83, 'Avg@5-CPU (Service):     ': 0.59, 'Avg@5-DISK (Metric):     ': 1.0, 'Avg@5-DISK (Service):    ': 0.64, 'Avg@5-MEM (Metric):      ': 0.87, 'Avg@5-MEM (Service):     ': 0.63, 'Avg@5-OVERALL (Service)': 0.62, 'Avg@5-OVERALL (Metric)': 0.9}",0.6011904761904762,0.6428571428571429,8.920624732971191,0.4460312366485596,19,0.8955609401067098,290,290,0.00110626220703125,370.947265625,524.3365752162933
simple,fixed,mlp,23June_WithDisk_RAMP_1000_users,False,1,robot-shop,1000,SFlexRCA,32,"{'Avg@5-CPU (Metric):      ': 0.56, 'Avg@5-CPU (Service):     ': 0.62, 'Avg@5-DISK (Metric):     ': 0.84, 'Avg@5-DISK (Service):    ': 0.93, 'Avg@5-MEM (Metric):      ': 0.51, 'Avg@5-MEM (Service):     ': 0.8, 'Avg@5-OVERALL (Service)': 0.78, 'Avg@5-OVERALL (Metric)': 0.64}",0.6727994227994228,0.8787878787878788,7.176324129104614,0.4485202580690384,15,0.4678596149791371,290,290,0.00110626220703125,294.3173828125,398.17898897981644
simple,fixed,mlp,23June_WithDisk_RAMP_concurrent_1000_users,True,1,online-boutique,1000,SFlexRCA,32,"{'Avg@5-CPU (Metric):      ': 0.53, 'Avg@5-CPU (Service):     ': 0.83, 'Avg@5-DISK (Metric):     ': 0.35, 'Avg@5-DISK (Service):    ': 0.84, 'Avg@5-MEM (Metric):      ': 0.58, 'Avg@5-MEM (Service):     ': 0.89, 'Avg@5-DUAL_MACRO (Service)': 0.85, 'Avg@5-DUAL_MACRO (Metric)': 0.49, 'Avg@5-OVERALL (Dual Joint)': 1.0}",0.7933179723502304,0.967741935483871,10.88870620727539,0.6405121298397288,16,0.6964277990402714,290,290,0.00110626220703125,294.3173828125,595.560014932394
simple,fixed,mlp,23June_WithDisk_RAMP_concurrent_1000_users,True,1,sock-shop,1000,SFlexRCA,32,"{'Avg@5-CPU (Metric):      ': 0.79, 'Avg@5-CPU (Service):     ': 0.61, 'Avg@5-DISK (Metric):     ': 0.04, 'Avg@5-DISK (Service):    ': 0.61, 'Avg@5-MEM (Metric):      ': 0.84, 'Avg@5-MEM (Service):     ': 0.64, 'Avg@5-DUAL_MACRO (Service)': 0.62, 'Avg@5-DUAL_MACRO (Metric)': 0.55, 'Avg@5-OVERALL (Dual Joint)': 0.0}",0.5992063492063492,0.6428571428571429,9.077167749404907,0.4538583874702454,19,0.903356501034328,290,290,0.00110626220703125,370.947265625,534.4475687055588
simple,fixed,mlp,23June_WithDisk_RAMP_concurrent_1000_users,True,1,robot-shop,1000,SFlexRCA,32,"{'Avg@5-CPU (Metric):      ': 0.47, 'Avg@5-CPU (Service):     ': 0.7, 'Avg@5-DISK (Metric):     ': 0.17, 'Avg@5-DISK (Service):    ': 0.67, 'Avg@5-MEM (Metric):      ': 0.53, 'Avg@5-MEM (Service):     ': 0.83, 'Avg@5-DUAL_MACRO (Service)': 0.73, 'Avg@5-DUAL_MACRO (Metric)': 0.39, 'Avg@5-OVERALL (Dual Joint)': 0.0}",0.640933140933141,0.8181818181818182,7.216627836227417,0.45103923976421356,15,0.5574249209779681,290,290,0.00110626220703125,294.3173828125,409.8296873965263
simple,fixed,mlp,23June_WithDisk_RAMP_1000_users,False,2,online-boutique,1000,SFlexRCA,32,"{'Avg@5-CPU (Metric):      ': 0.49, 'Avg@5-CPU (Service):     ': 0.67, 'Avg@5-DISK (Metric):     ': 0.73, 'Avg@5-DISK (Service):    ': 0.85, 'Avg@5-MEM (Metric):      ': 0.56, 'Avg@5-MEM (Service):     ': 0.82, 'Avg@5-OVERALL (Service)': 0.78, 'Avg@5-OVERALL (Metric)': 0.59}",0.7244949494949494,0.9393939393939394,8.191970348358154,0.45510946379767525,17,0.6317672079259699,290,290,0.00110626220703125,294.3173828125,462.7646842627525
simple,fixed,mlp,23June_WithDisk_RAMP_1000_users,False,2,sock-shop,1000,SFlexRCA,32,"{'Avg@5-CPU (Metric):      ': 0.83, 'Avg@5-CPU (Service):     ': 0.59, 'Avg@5-DISK (Metric):     ': 1.0, 'Avg@5-DISK (Service):    ': 0.64, 'Avg@5-MEM (Metric):      ': 0.87, 'Avg@5-MEM (Service):     ': 0.63, 'Avg@5-OVERALL (Service)': 0.62, 'Avg@5-OVERALL (Metric)': 0.9}",0.6011904761904762,0.6428571428571429,5.117071151733398,0.36550508226667133,13,0.8542184148515973,290,290,0.00110626220703125,370.947265625,331.69120688867565
simple,fixed,mlp,23June_WithDisk_RAMP_1000_users,False,2,robot-shop,1000,SFlexRCA,32,"{'Avg@5-CPU (Metric):      ': 0.56, 'Avg@5-CPU (Service):     ': 0.62, 'Avg@5-DISK (Metric):     ': 0.84, 'Avg@5-DISK (Service):    ': 0.93, 'Avg@5-MEM (Metric):      ': 0.51, 'Avg@5-MEM (Service):     ': 0.8, 'Avg@5-OVERALL (Service)': 0.78, 'Avg@5-OVERALL (Metric)': 0.64}",0.6727994227994228,0.8787878787878788,11.02141261100769,0.7347608407338461,14,0.580085378704649,290,290,0.00110626220703125,294.3173828125,574.7545886926652
simple,fixed,mlp,23June_WithDisk_RAMP_concurrent_1000_users,True,2,online-boutique,1000,SFlexRCA,32,"{'Avg@5-CPU (Metric):      ': 0.53, 'Avg@5-CPU (Service):     ': 0.83, 'Avg@5-DISK (Metric):     ': 0.35, 'Avg@5-DISK (Service):    ': 0.84, 'Avg@5-MEM (Metric):      ': 0.58, 'Avg@5-MEM (Service):     ': 0.89, 'Avg@5-DUAL_MACRO (Service)': 0.85, 'Avg@5-DUAL_MACRO (Metric)': 0.49, 'Avg@5-OVERALL (Dual Joint)': 1.0}",0.7933179723502304,0.967741935483871,8.311543226242065,0.46175240145789254,17,0.6320084218055971,290,290,0.00110626220703125,294.3173828125,448.77038719844813
simple,fixed,mlp,23June_WithDisk_RAMP_concurrent_1000_users,True,2,sock-shop,1000,SFlexRCA,32,"{'Avg@5-CPU (Metric):      ': 0.79, 'Avg@5-CPU (Service):     ': 0.61, 'Avg@5-DISK (Metric):     ': 0.04, 'Avg@5-DISK (Service):    ': 0.61, 'Avg@5-MEM (Metric):      ': 0.84, 'Avg@5-MEM (Service):     ': 0.64, 'Avg@5-DUAL_MACRO (Service)': 0.62, 'Avg@5-DUAL_MACRO (Metric)': 0.55, 'Avg@5-OVERALL (Dual Joint)': 0.0}",0.5992063492063492,0.6428571428571429,6.357028484344482,0.45407346316746305,13,0.9189902203423637,290,290,0.00110626220703125,370.947265625,388.50657868504527
simple,fixed,mlp,23June_WithDisk_RAMP_concurrent_1000_users,True,2,robot-shop,1000,SFlexRCA,32,"{'Avg@5-CPU (Metric):      ': 0.46, 'Avg@5-CPU (Service):     ': 0.69, 'Avg@5-DISK (Metric):     ': 0.17, 'Avg@5-DISK (Service):    ': 0.66, 'Avg@5-MEM (Metric):      ': 0.53, 'Avg@5-MEM (Service):     ': 0.83, 'Avg@5-DUAL_MACRO (Service)': 0.73, 'Avg@5-DUAL_MACRO (Metric)': 0.39, 'Avg@5-OVERALL (Dual Joint)': 0.0}",0.6384078884078884,0.8181818181818182,6.650534391403198,0.44336895942687987,14,0.5031786109461929,290,290,0.00110626220703125,294.3173828125,361.8740445814133
simple,fixed,mlp,23June_WithDisk_RAMP_1000_users,False,3,online-boutique,1000,SFlexRCA,32,"{'Avg@5-CPU (Metric):      ': 0.49, 'Avg@5-CPU (Service):     ': 0.67, 'Avg@5-DISK (Metric):     ': 0.73, 'Avg@5-DISK (Service):    ': 0.85, 'Avg@5-MEM (Metric):      ': 0.55, 'Avg@5-MEM (Service):     ': 0.82, 'Avg@5-OVERALL (Service)': 0.78, 'Avg@5-OVERALL (Metric)': 0.59}",0.7244949494949494,0.9393939393939394,7.116419792175293,0.41861292895148783,16,0.5397573456619725,290,290,0.00110626220703125,294.3173828125,409.92072880554196
simple,fixed,mlp,23June_WithDisk_RAMP_1000_users,False,3,sock-shop,1000,SFlexRCA,32,"{'Avg@5-CPU (Metric):      ': 0.83, 'Avg@5-CPU (Service):     ': 0.59, 'Avg@5-DISK (Metric):     ': 1.0, 'Avg@5-DISK (Service):    ': 0.64, 'Avg@5-MEM (Metric):      ': 0.87, 'Avg@5-MEM (Service):     ': 0.63, 'Avg@5-OVERALL (Service)': 0.62, 'Avg@5-OVERALL (Metric)': 0.9}",0.6011904761904762,0.6428571428571429,12.998643398284912,0.5416101415952047,23,0.9973511752628145,290,290,0.00110626220703125,370.947265625,784.6468150281906
simple,fixed,mlp,23June_WithDisk_RAMP_1000_users,False,3,robot-shop,1000,SFlexRCA,32,"{'Avg@5-CPU (Metric):      ': 0.56, 'Avg@5-CPU (Service):     ': 0.62, 'Avg@5-DISK (Metric):     ': 0.84, 'Avg@5-DISK (Service):    ': 0.93, 'Avg@5-MEM (Metric):      ': 0.53, 'Avg@5-MEM (Service):     ': 0.8, 'Avg@5-OVERALL (Service)': 0.78, 'Avg@5-OVERALL (Metric)': 0.64}",0.6727994227994228,0.8787878787878788,7.36588716506958,0.46036794781684875,15,0.5865752841487075,290,290,0.00110626220703125,294.3173828125,436.29800985145573
simple,fixed,mlp,23June_WithDisk_RAMP_concurrent_1000_users,True,3,online-boutique,1000,SFlexRCA,32,"{'Avg@5-CPU (Metric):      ': 0.53, 'Avg@5-CPU (Service):     ': 0.83, 'Avg@5-DISK (Metric):     ': 0.35, 'Avg@5-DISK (Service):    ': 0.84, 'Avg@5-MEM (Metric):      ': 0.58, 'Avg@5-MEM (Service):     ': 0.89, 'Avg@5-DUAL_MACRO (Service)': 0.85, 'Avg@5-DUAL_MACRO (Metric)': 0.49, 'Avg@5-OVERALL (Dual Joint)': 1.0}",0.7933179723502304,0.967741935483871,7.872206449508667,0.46307096761815686,16,0.5545220528879473,290,290,0.00110626220703125,294.3173828125,439.39878515625
simple,fixed,mlp,23June_WithDisk_RAMP_concurrent_1000_users,True,3,sock-shop,1000,SFlexRCA,32,"{'Avg@5-CPU (Metric):      ': 0.79, 'Avg@5-CPU (Service):     ': 0.61, 'Avg@5-DISK (Metric):     ': 0.04, 'Avg@5-DISK (Service):    ': 0.61, 'Avg@5-MEM (Metric):      ': 0.84, 'Avg@5-MEM (Service):     ': 0.64, 'Avg@5-DUAL_MACRO (Service)': 0.62, 'Avg@5-DUAL_MACRO (Metric)': 0.55, 'Avg@5-OVERALL (Dual Joint)': 0.0}",0.5992063492063492,0.6428571428571429,10.50666332244873,0.43777763843536377,23,0.83437066418784,290,290,0.00110626220703125,370.947265625,581.0849435245991
simple,fixed,mlp,23June_WithDisk_RAMP_concurrent_1000_users,True,3,robot-shop,1000,SFlexRCA,32,"{'Avg@5-CPU (Metric):      ': 0.46, 'Avg@5-CPU (Service):     ': 0.69, 'Avg@5-DISK (Metric):     ': 0.17, 'Avg@5-DISK (Service):    ': 0.66, 'Avg@5-MEM (Metric):      ': 0.54, 'Avg@5-MEM (Service):     ': 0.83, 'Avg@5-DUAL_MACRO (Service)': 0.73, 'Avg@5-DUAL_MACRO (Metric)': 0.39, 'Avg@5-OVERALL (Dual Joint)': 0.0}",0.6384078884078884,0.8181818181818182,10.354692935943604,0.6471683084964752,15,0.5400178649208762,290,290,0.00110626220703125,294.3173828125,550.2742487537861
simple,fixed,mlp,23June_WithDisk_RAMP_1000_users,False,1,online-boutique,1000,BARO,32,"{'Avg@5-CPU (Metric):      ': 0.45, 'Avg@5-CPU (Service):     ': 0.73, 'Avg@5-DISK (Metric):     ': 0.55, 'Avg@5-DISK (Service):    ': 0.71, 'Avg@5-MEM (Metric):      ': 0.53, 'Avg@5-MEM (Service):     ': 0.73, 'Avg@5-OVERALL (Service)': 0.72, 'Avg@5-OVERALL (Metric)': 0.51}",0.67358214176396,0.8484848484848485,9.5367431640625e-05,9.5367431640625e-05,0,1.4483903754841199,0,0,0.0,8.2333984375,141.56641506958007
simple,fixed,mlp,23June_WithDisk_RAMP_1000_users,False,1,sock-shop,1000,BARO,32,"{'Avg@5-CPU (Metric):      ': 0.73, 'Avg@5-CPU (Service):     ': 0.53, 'Avg@5-DISK (Metric):     ': 0.99, 'Avg@5-DISK (Service):    ': 0.64, 'Avg@5-MEM (Metric):      ': 0.8, 'Avg@5-MEM (Service):     ': 0.5, 'Avg@5-OVERALL (Service)': 0.56, 'Avg@5-OVERALL (Metric)': 0.84}",0.5410997732426304,0.5952380952380952,0.0001049041748046875,0.0001049041748046875,0,2.2487861031577703,0,0,0.0,10.5048828125,212.94031216335296
simple,fixed,mlp,23June_WithDisk_RAMP_1000_users,False,1,robot-shop,1000,BARO,32,"{'Avg@5-CPU (Metric):      ': 0.6, 'Avg@5-CPU (Service):     ': 0.64, 'Avg@5-DISK (Metric):     ': 0.84, 'Avg@5-DISK (Service):    ': 0.96, 'Avg@5-MEM (Metric):      ': 0.29, 'Avg@5-MEM (Service):     ': 0.62, 'Avg@5-OVERALL (Service)': 0.74, 'Avg@5-OVERALL (Metric)': 0.58}",0.6367134548952731,0.9090909090909091,8.726119995117188e-05,8.726119995117188e-05,0,1.6993783965255276,0,0,0.0,8.2333984375,166.66467911243438
simple,fixed,mlp,23June_WithDisk_RAMP_concurrent_1000_users,True,1,online-boutique,1000,BARO,32,"{'Avg@5-CPU (Metric):      ': 0.42, 'Avg@5-CPU (Service):     ': 0.73, 'Avg@5-DISK (Metric):     ': 0.22, 'Avg@5-DISK (Service):    ': 0.71, 'Avg@5-MEM (Metric):      ': 0.33, 'Avg@5-MEM (Service):     ': 0.65, 'Avg@5-DUAL_MACRO (Service)': 0.7, 'Avg@5-DUAL_MACRO (Metric)': 0.32, 'Avg@5-OVERALL (Dual Joint)': 0.0}",0.6537669319927384,0.7741935483870968,7.700920104980469e-05,7.700920104980469e-05,0,1.1128513889928018,0,0,0.0,8.2333984375,105.22946228027344
simple,fixed,mlp,23June_WithDisk_RAMP_concurrent_1000_users,True,1,sock-shop,1000,BARO,32,"{'Avg@5-CPU (Metric):      ': 0.69, 'Avg@5-CPU (Service):     ': 0.57, 'Avg@5-DISK (Metric):     ': 0.04, 'Avg@5-DISK (Service):    ': 0.54, 'Avg@5-MEM (Metric):      ': 0.71, 'Avg@5-MEM (Service):     ': 0.59, 'Avg@5-DUAL_MACRO (Service)': 0.57, 'Avg@5-DUAL_MACRO (Metric)': 0.48, 'Avg@5-OVERALL (Dual Joint)': 0.0}",0.5257936507936508,0.6190476190476191,8.320808410644531e-05,8.320808410644531e-05,0,2.3567620856421336,0,0,0.0,10.5048828125,271.5774411156178
simple,fixed,mlp,23June_WithDisk_RAMP_concurrent_1000_users,True,1,robot-shop,1000,BARO,32,"{'Avg@5-CPU (Metric):      ': 0.54, 'Avg@5-CPU (Service):     ': 0.82, 'Avg@5-DISK (Metric):     ': 0.12, 'Avg@5-DISK (Service):    ': 0.74, 'Avg@5-MEM (Metric):      ': 0.41, 'Avg@5-MEM (Service):     ': 0.79, 'Avg@5-DUAL_MACRO (Service)': 0.78, 'Avg@5-DUAL_MACRO (Metric)': 0.35, 'Avg@5-OVERALL (Dual Joint)': 0.0}",0.6595500459136823,0.9393939393939394,0.00010228157043457031,0.00010228157043457031,0,1.6899190021283699,0,0,0.0,8.2333984375,155.21320213317873
simple,fixed,mlp,23June_WithDisk_RAMP_1000_users,False,2,online-boutique,1000,BARO,32,"{'Avg@5-CPU (Metric):      ': 0.45, 'Avg@5-CPU (Service):     ': 0.73, 'Avg@5-DISK (Metric):     ': 0.55, 'Avg@5-DISK (Service):    ': 0.71, 'Avg@5-MEM (Metric):      ': 0.53, 'Avg@5-MEM (Service):     ': 0.73, 'Avg@5-OVERALL (Service)': 0.72, 'Avg@5-OVERALL (Metric)': 0.51}",0.67358214176396,0.8484848484848485,8.630752563476562e-05,8.630752563476562e-05,0,1.430555076310129,0,0,0.0,8.2333984375,135.77403268432616
simple,fixed,mlp,23June_WithDisk_RAMP_1000_users,False,2,sock-shop,1000,BARO,32,"{'Avg@5-CPU (Metric):      ': 0.73, 'Avg@5-CPU (Service):     ': 0.53, 'Avg@5-DISK (Metric):     ': 0.99, 'Avg@5-DISK (Service):    ': 0.64, 'Avg@5-MEM (Metric):      ': 0.8, 'Avg@5-MEM (Service):     ': 0.5, 'Avg@5-OVERALL (Service)': 0.56, 'Avg@5-OVERALL (Metric)': 0.84}",0.5410997732426304,0.5952380952380952,0.00010776519775390625,0.00010776519775390625,0,2.3585672775904336,0,0,0.0,10.5048828125,222.91520631408693
simple,fixed,mlp,23June_WithDisk_RAMP_1000_users,False,2,robot-shop,1000,BARO,32,"{'Avg@5-CPU (Metric):      ': 0.6, 'Avg@5-CPU (Service):     ': 0.64, 'Avg@5-DISK (Metric):     ': 0.84, 'Avg@5-DISK (Service):    ': 0.96, 'Avg@5-MEM (Metric):      ': 0.29, 'Avg@5-MEM (Service):     ': 0.62, 'Avg@5-OVERALL (Service)': 0.74, 'Avg@5-OVERALL (Metric)': 0.58}",0.6367134548952731,0.9090909090909091,9.489059448242188e-05,9.489059448242188e-05,0,1.43769054701834,0,0,0.0,8.2333984375,137.91020893001556
simple,fixed,mlp,23June_WithDisk_RAMP_concurrent_1000_users,True,2,online-boutique,1000,BARO,32,"{'Avg@5-CPU (Metric):      ': 0.42, 'Avg@5-CPU (Service):     ': 0.73, 'Avg@5-DISK (Metric):     ': 0.22, 'Avg@5-DISK (Service):    ': 0.71, 'Avg@5-MEM (Metric):      ': 0.33, 'Avg@5-MEM (Service):     ': 0.65, 'Avg@5-DUAL_MACRO (Service)': 0.7, 'Avg@5-DUAL_MACRO (Metric)': 0.32, 'Avg@5-OVERALL (Dual Joint)': 0.0}",0.6537669319927384,0.7741935483870968,8.511543273925781e-05,8.511543273925781e-05,0,1.2975951856182468,0,0,0.0,8.2333984375,120.86831881785393
simple,fixed,mlp,23June_WithDisk_RAMP_concurrent_1000_users,True,2,sock-shop,1000,BARO,32,"{'Avg@5-CPU (Metric):      ': 0.69, 'Avg@5-CPU (Service):     ': 0.57, 'Avg@5-DISK (Metric):     ': 0.04, 'Avg@5-DISK (Service):    ': 0.54, 'Avg@5-MEM (Metric):      ': 0.71, 'Avg@5-MEM (Service):     ': 0.59, 'Avg@5-DUAL_MACRO (Service)': 0.57, 'Avg@5-DUAL_MACRO (Metric)': 0.48, 'Avg@5-OVERALL (Dual Joint)': 0.0}",0.5257936507936508,0.6190476190476191,8.654594421386719e-05,8.654594421386719e-05,0,2.427686878613063,0,0,0.0,10.5048828125,228.08450995135308
simple,fixed,mlp,23June_WithDisk_RAMP_concurrent_1000_users,True,2,robot-shop,1000,BARO,32,"{'Avg@5-CPU (Metric):      ': 0.54, 'Avg@5-CPU (Service):     ': 0.82, 'Avg@5-DISK (Metric):     ': 0.12, 'Avg@5-DISK (Service):    ': 0.74, 'Avg@5-MEM (Metric):      ': 0.41, 'Avg@5-MEM (Service):     ': 0.79, 'Avg@5-DUAL_MACRO (Service)': 0.78, 'Avg@5-DUAL_MACRO (Metric)': 0.35, 'Avg@5-OVERALL (Dual Joint)': 0.0}",0.6595500459136823,0.9393939393939394,9.274482727050781e-05,9.274482727050781e-05,0,1.42353351910909,0,0,0.0,8.2333984375,134.10216787934303
simple,fixed,mlp,23June_WithDisk_RAMP_1000_users,False,3,online-boutique,1000,BARO,32,"{'Avg@5-CPU (Metric):      ': 0.45, 'Avg@5-CPU (Service):     ': 0.73, 'Avg@5-DISK (Metric):     ': 0.55, 'Avg@5-DISK (Service):    ': 0.71, 'Avg@5-MEM (Metric):      ': 0.53, 'Avg@5-MEM (Service):     ': 0.73, 'Avg@5-OVERALL (Service)': 0.72, 'Avg@5-OVERALL (Metric)': 0.51}",0.67358214176396,0.8484848484848485,0.00010442733764648438,0.00010442733764648438,0,1.7938532540292451,0,0,0.0,8.2333984375,161.65039249277115
simple,fixed,mlp,23June_WithDisk_RAMP_1000_users,False,3,sock-shop,1000,BARO,32,"{'Avg@5-CPU (Metric):      ': 0.73, 'Avg@5-CPU (Service):     ': 0.53, 'Avg@5-DISK (Metric):     ': 0.99, 'Avg@5-DISK (Service):    ': 0.64, 'Avg@5-MEM (Metric):      ': 0.8, 'Avg@5-MEM (Service):     ': 0.5, 'Avg@5-OVERALL (Service)': 0.56, 'Avg@5-OVERALL (Metric)': 0.84}",0.5410997732426304,0.5952380952380952,7.724761962890625e-05,7.724761962890625e-05,0,2.0252057995115007,0,0,0.0,10.5048828125,194.71743768811226
simple,fixed,mlp,23June_WithDisk_RAMP_1000_users,False,3,robot-shop,1000,BARO,32,"{'Avg@5-CPU (Metric):      ': 0.6, 'Avg@5-CPU (Service):     ': 0.64, 'Avg@5-DISK (Metric):     ': 0.84, 'Avg@5-DISK (Service):    ': 0.96, 'Avg@5-MEM (Metric):      ': 0.29, 'Avg@5-MEM (Service):     ': 0.62, 'Avg@5-OVERALL (Service)': 0.74, 'Avg@5-OVERALL (Metric)': 0.58}",0.6367134548952731,0.9090909090909091,9.179115295410156e-05,9.179115295410156e-05,0,2.6957074584382954,0,0,0.0,8.2333984375,263.53068193197254
simple,fixed,mlp,23June_WithDisk_RAMP_concurrent_1000_users,True,3,online-boutique,1000,BARO,32,"{'Avg@5-CPU (Metric):      ': 0.42, 'Avg@5-CPU (Service):     ': 0.73, 'Avg@5-DISK (Metric):     ': 0.22, 'Avg@5-DISK (Service):    ': 0.71, 'Avg@5-MEM (Metric):      ': 0.33, 'Avg@5-MEM (Service):     ': 0.65, 'Avg@5-DUAL_MACRO (Service)': 0.7, 'Avg@5-DUAL_MACRO (Metric)': 0.32, 'Avg@5-OVERALL (Dual Joint)': 0.0}",0.6537669319927384,0.7741935483870968,9.703636169433594e-05,9.703636169433594e-05,0,1.4641288249723372,0,0,0.0,8.2333984375,137.0464262433052
simple,fixed,mlp,23June_WithDisk_RAMP_concurrent_1000_users,True,3,sock-shop,1000,BARO,32,"{'Avg@5-CPU (Metric):      ': 0.69, 'Avg@5-CPU (Service):     ': 0.57, 'Avg@5-DISK (Metric):     ': 0.04, 'Avg@5-DISK (Service):    ': 0.54, 'Avg@5-MEM (Metric):      ': 0.71, 'Avg@5-MEM (Service):     ': 0.59, 'Avg@5-DUAL_MACRO (Service)': 0.57, 'Avg@5-DUAL_MACRO (Metric)': 0.48, 'Avg@5-OVERALL (Dual Joint)': 0.0}",0.5257936507936508,0.6190476190476191,0.000110626220703125,0.000110626220703125,0,2.461971180779593,0,0,0.0,10.5048828125,234.96461728930475
simple,fixed,mlp,23June_WithDisk_RAMP_concurrent_1000_users,True,3,robot-shop,1000,BARO,32,"{'Avg@5-CPU (Metric):      ': 0.54, 'Avg@5-CPU (Service):     ': 0.82, 'Avg@5-DISK (Metric):     ': 0.12, 'Avg@5-DISK (Service):    ': 0.74, 'Avg@5-MEM (Metric):      ': 0.41, 'Avg@5-MEM (Service):     ': 0.79, 'Avg@5-DUAL_MACRO (Service)': 0.78, 'Avg@5-DUAL_MACRO (Metric)': 0.35, 'Avg@5-OVERALL (Dual Joint)': 0.0}",0.6595500459136823,0.9393939393939394,9.083747863769531e-05,9.083747863769531e-05,0,1.4555706183115642,0,0,0.0,8.2333984375,139.54772631406783
simple,fixed,mlp,23June_WithDisk_RAMP_1000_users,False,1,online-boutique,1000,NSigma,32,"{'Avg@5-CPU (Metric):      ': 0.64, 'Avg@5-CPU (Service):     ': 0.75, 'Avg@5-DISK (Metric):     ': 0.44, 'Avg@5-DISK (Service):    ': 0.55, 'Avg@5-MEM (Metric):      ': 0.36, 'Avg@5-MEM (Service):     ': 0.64, 'Avg@5-OVERALL (Service)': 0.64, 'Avg@5-OVERALL (Metric)': 0.48}",0.6373387555205736,0.7575757575757576,0.00015687942504882812,0.00015687942504882812,0,1.5387211929668079,0,0,0.0,8.2333984375,151.25718274831772
simple,fixed,mlp,23June_WithDisk_RAMP_1000_users,False,1,sock-shop,1000,NSigma,32,"{'Avg@5-CPU (Metric):      ': 0.74, 'Avg@5-CPU (Service):     ': 0.5, 'Avg@5-DISK (Metric):     ': 0.87, 'Avg@5-DISK (Service):    ': 0.6, 'Avg@5-MEM (Metric):      ': 0.81, 'Avg@5-MEM (Service):     ': 0.59, 'Avg@5-OVERALL (Service)': 0.56, 'Avg@5-OVERALL (Metric)': 0.81}",0.501984126984127,0.6428571428571429,0.00010132789611816406,0.00010132789611816406,0,1.4375160421643938,0,0,0.0,10.5048828125,134.4288561964035
simple,fixed,mlp,23June_WithDisk_RAMP_1000_users,False,1,robot-shop,1000,NSigma,32,"{'Avg@5-CPU (Metric):      ': 0.55, 'Avg@5-CPU (Service):     ': 0.65, 'Avg@5-DISK (Metric):     ': 0.53, 'Avg@5-DISK (Service):    ': 0.75, 'Avg@5-MEM (Metric):      ': 0.36, 'Avg@5-MEM (Service):     ': 0.75, 'Avg@5-OVERALL (Service)': 0.72, 'Avg@5-OVERALL (Metric)': 0.48}",0.581267217630854,0.9090909090909091,8.702278137207031e-05,8.702278137207031e-05,0,0.826711011655403,0,0,0.0,8.2333984375,81.45254717493057
simple,fixed,mlp,23June_WithDisk_RAMP_concurrent_1000_users,True,1,online-boutique,1000,NSigma,32,"{'Avg@5-CPU (Metric):      ': 0.45, 'Avg@5-CPU (Service):     ': 0.76, 'Avg@5-DISK (Metric):     ': 0.18, 'Avg@5-DISK (Service):    ': 0.74, 'Avg@5-MEM (Metric):      ': 0.34, 'Avg@5-MEM (Service):     ': 0.69, 'Avg@5-DUAL_MACRO (Service)': 0.73, 'Avg@5-DUAL_MACRO (Metric)': 0.32, 'Avg@5-OVERALL (Dual Joint)': 0.0}",0.6952020202020202,0.8064516129032258,8.797645568847656e-05,8.797645568847656e-05,0,0.7388355193599578,0,0,0.0,8.2333984375,70.99820079803466
simple,fixed,mlp,23June_WithDisk_RAMP_concurrent_1000_users,True,1,sock-shop,1000,NSigma,32,"{'Avg@5-CPU (Metric):      ': 0.64, 'Avg@5-CPU (Service):     ': 0.51, 'Avg@5-DISK (Metric):     ': 0.04, 'Avg@5-DISK (Service):    ': 0.52, 'Avg@5-MEM (Metric):      ': 0.65, 'Avg@5-MEM (Service):     ': 0.6, 'Avg@5-DUAL_MACRO (Service)': 0.54, 'Avg@5-DUAL_MACRO (Metric)': 0.44, 'Avg@5-OVERALL (Dual Joint)': 0.0}",0.4968820861678004,0.5952380952380952,8.440017700195312e-05,8.440017700195312e-05,0,1.267274987129938,0,0,0.0,10.5048828125,122.58425446796417
simple,fixed,mlp,23June_WithDisk_RAMP_concurrent_1000_users,True,1,robot-shop,1000,NSigma,32,"{'Avg@5-CPU (Metric):      ': 0.55, 'Avg@5-CPU (Service):     ': 0.79, 'Avg@5-DISK (Metric):     ': 0.09, 'Avg@5-DISK (Service):    ': 0.73, 'Avg@5-MEM (Metric):      ': 0.28, 'Avg@5-MEM (Service):     ': 0.74, 'Avg@5-DUAL_MACRO (Service)': 0.75, 'Avg@5-DUAL_MACRO (Metric)': 0.31, 'Avg@5-OVERALL (Dual Joint)': 0.0}",0.601744719926538,0.9393939393939394,9.417533874511719e-05,9.417533874511719e-05,0,0.7410722501350172,0,0,0.0,8.2333984375,73.14272362947465
simple,fixed,mlp,23June_WithDisk_RAMP_1000_users,False,2,online-boutique,1000,NSigma,32,"{'Avg@5-CPU (Metric):      ': 0.64, 'Avg@5-CPU (Service):     ': 0.75, 'Avg@5-DISK (Metric):     ': 0.44, 'Avg@5-DISK (Service):    ': 0.55, 'Avg@5-MEM (Metric):      ': 0.36, 'Avg@5-MEM (Service):     ': 0.64, 'Avg@5-OVERALL (Service)': 0.64, 'Avg@5-OVERALL (Metric)': 0.48}",0.6373387555205736,0.7575757575757576,8.392333984375e-05,8.392333984375e-05,0,0.7477874466867158,0,0,0.0,8.2333984375,74.9427281074524
simple,fixed,mlp,23June_WithDisk_RAMP_1000_users,False,2,sock-shop,1000,NSigma,32,"{'Avg@5-CPU (Metric):      ': 0.74, 'Avg@5-CPU (Service):     ': 0.5, 'Avg@5-DISK (Metric):     ': 0.87, 'Avg@5-DISK (Service):    ': 0.6, 'Avg@5-MEM (Metric):      ': 0.81, 'Avg@5-MEM (Service):     ': 0.59, 'Avg@5-OVERALL (Service)': 0.56, 'Avg@5-OVERALL (Metric)': 0.81}",0.501984126984127,0.6428571428571429,8.606910705566406e-05,8.606910705566406e-05,0,1.2919627598353796,0,0,0.0,10.5048828125,123.70822969293594
simple,fixed,mlp,23June_WithDisk_RAMP_1000_users,False,2,robot-shop,1000,NSigma,32,"{'Avg@5-CPU (Metric):      ': 0.55, 'Avg@5-CPU (Service):     ': 0.65, 'Avg@5-DISK (Metric):     ': 0.53, 'Avg@5-DISK (Service):    ': 0.75, 'Avg@5-MEM (Metric):      ': 0.36, 'Avg@5-MEM (Service):     ': 0.75, 'Avg@5-OVERALL (Service)': 0.72, 'Avg@5-OVERALL (Metric)': 0.48}",0.581267217630854,0.9090909090909091,8.535385131835938e-05,8.535385131835938e-05,0,0.7602698080467455,0,0,0.0,8.2333984375,75.85910435318948
simple,fixed,mlp,23June_WithDisk_RAMP_concurrent_1000_users,True,2,online-boutique,1000,NSigma,32,"{'Avg@5-CPU (Metric):      ': 0.45, 'Avg@5-CPU (Service):     ': 0.76, 'Avg@5-DISK (Metric):     ': 0.18, 'Avg@5-DISK (Service):    ': 0.74, 'Avg@5-MEM (Metric):      ': 0.34, 'Avg@5-MEM (Service):     ': 0.69, 'Avg@5-DUAL_MACRO (Service)': 0.73, 'Avg@5-DUAL_MACRO (Metric)': 0.32, 'Avg@5-OVERALL (Dual Joint)': 0.0}",0.6952020202020202,0.8064516129032258,9.608268737792969e-05,9.608268737792969e-05,0,0.7559518121903942,0,0,0.0,8.2333984375,71.05368839478493
simple,fixed,mlp,23June_WithDisk_RAMP_concurrent_1000_users,True,2,sock-shop,1000,NSigma,32,"{'Avg@5-CPU (Metric):      ': 0.64, 'Avg@5-CPU (Service):     ': 0.51, 'Avg@5-DISK (Metric):     ': 0.04, 'Avg@5-DISK (Service):    ': 0.52, 'Avg@5-MEM (Metric):      ': 0.65, 'Avg@5-MEM (Service):     ': 0.6, 'Avg@5-DUAL_MACRO (Service)': 0.54, 'Avg@5-DUAL_MACRO (Metric)': 0.44, 'Avg@5-OVERALL (Dual Joint)': 0.0}",0.4968820861678004,0.5952380952380952,8.487701416015625e-05,8.487701416015625e-05,0,1.5713526407877605,0,0,0.0,10.5048828125,143.50642704129217
simple,fixed,mlp,23June_WithDisk_RAMP_concurrent_1000_users,True,2,robot-shop,1000,NSigma,32,"{'Avg@5-CPU (Metric):      ': 0.55, 'Avg@5-CPU (Service):     ': 0.79, 'Avg@5-DISK (Metric):     ': 0.09, 'Avg@5-DISK (Service):    ': 0.73, 'Avg@5-MEM (Metric):      ': 0.28, 'Avg@5-MEM (Service):     ': 0.74, 'Avg@5-DUAL_MACRO (Service)': 0.75, 'Avg@5-DUAL_MACRO (Metric)': 0.31, 'Avg@5-OVERALL (Dual Joint)': 0.0}",0.601744719926538,0.9393939393939394,9.632110595703125e-05,9.632110595703125e-05,0,0.6792527834574381,0,0,0.0,8.2333984375,67.22709486079216
simple,fixed,mlp,23June_WithDisk_RAMP_1000_users,False,3,online-boutique,1000,NSigma,32,"{'Avg@5-CPU (Metric):      ': 0.64, 'Avg@5-CPU (Service):     ': 0.75, 'Avg@5-DISK (Metric):     ': 0.44, 'Avg@5-DISK (Service):    ': 0.55, 'Avg@5-MEM (Metric):      ': 0.36, 'Avg@5-MEM (Service):     ': 0.64, 'Avg@5-OVERALL (Service)': 0.64, 'Avg@5-OVERALL (Metric)': 0.48}",0.6373387555205736,0.7575757575757576,8.368492126464844e-05,8.368492126464844e-05,0,0.7230197155114376,0,0,0.0,8.2333984375,70.90562272191048
simple,fixed,mlp,23June_WithDisk_RAMP_1000_users,False,3,sock-shop,1000,NSigma,32,"{'Avg@5-CPU (Metric):      ': 0.74, 'Avg@5-CPU (Service):     ': 0.5, 'Avg@5-DISK (Metric):     ': 0.87, 'Avg@5-DISK (Service):    ': 0.6, 'Avg@5-MEM (Metric):      ': 0.81, 'Avg@5-MEM (Service):     ': 0.59, 'Avg@5-OVERALL (Service)': 0.56, 'Avg@5-OVERALL (Metric)': 0.81}",0.501984126984127,0.6428571428571429,0.0005729198455810547,0.0005729198455810547,0,2.481174486024039,0,0,0.0,10.5048828125,238.99343879842758
simple,fixed,mlp,23June_WithDisk_RAMP_1000_users,False,3,robot-shop,1000,NSigma,32,"{'Avg@5-CPU (Metric):      ': 0.55, 'Avg@5-CPU (Service):     ': 0.65, 'Avg@5-DISK (Metric):     ': 0.53, 'Avg@5-DISK (Service):    ': 0.75, 'Avg@5-MEM (Metric):      ': 0.36, 'Avg@5-MEM (Service):     ': 0.75, 'Avg@5-OVERALL (Service)': 0.72, 'Avg@5-OVERALL (Metric)': 0.48}",0.581267217630854,0.9090909090909091,9.560585021972656e-05,9.560585021972656e-05,0,0.8829731941223145,0,0,0.0,8.2333984375,86.24565984606744
simple,fixed,mlp,23June_WithDisk_RAMP_concurrent_1000_users,True,3,online-boutique,1000,NSigma,32,"{'Avg@5-CPU (Metric):      ': 0.45, 'Avg@5-CPU (Service):     ': 0.76, 'Avg@5-DISK (Metric):     ': 0.18, 'Avg@5-DISK (Service):    ': 0.74, 'Avg@5-MEM (Metric):      ': 0.34, 'Avg@5-MEM (Service):     ': 0.69, 'Avg@5-DUAL_MACRO (Service)': 0.73, 'Avg@5-DUAL_MACRO (Metric)': 0.32, 'Avg@5-OVERALL (Dual Joint)': 0.0}",0.6952020202020202,0.8064516129032258,9.322166442871094e-05,9.322166442871094e-05,0,0.7535143590742542,0,0,0.0,8.2333984375,72.28056497216224
simple,fixed,mlp,23June_WithDisk_RAMP_concurrent_1000_users,True,3,sock-shop,1000,NSigma,32,"{'Avg@5-CPU (Metric):      ': 0.64, 'Avg@5-CPU (Service):     ': 0.51, 'Avg@5-DISK (Metric):     ': 0.04, 'Avg@5-DISK (Service):    ': 0.52, 'Avg@5-MEM (Metric):      ': 0.65, 'Avg@5-MEM (Service):     ': 0.6, 'Avg@5-DUAL_MACRO (Service)': 0.54, 'Avg@5-DUAL_MACRO (Metric)': 0.44, 'Avg@5-OVERALL (Dual Joint)': 0.0}",0.4968820861678004,0.5952380952380952,9.441375732421875e-05,9.441375732421875e-05,0,1.269072277205331,0,0,0.0,10.5048828125,122.88420683145523
simple,fixed,mlp,23June_WithDisk_RAMP_concurrent_1000_users,True,3,robot-shop,1000,NSigma,32,"{'Avg@5-CPU (Metric):      ': 0.55, 'Avg@5-CPU (Service):     ': 0.79, 'Avg@5-DISK (Metric):     ': 0.09, 'Avg@5-DISK (Service):    ': 0.73, 'Avg@5-MEM (Metric):      ': 0.28, 'Avg@5-MEM (Service):     ': 0.74, 'Avg@5-DUAL_MACRO (Service)': 0.75, 'Avg@5-DUAL_MACRO (Metric)': 0.31, 'Avg@5-OVERALL (Dual Joint)': 0.0}",0.601744719926538,0.9393939393939394,9.1552734375e-05,9.1552734375e-05,0,0.7956246896223589,0,0,0.0,8.2333984375,79.96387981081008
